customer_id,age,monthly_income_idr,monthly_spend_idr,app_usage_time_hrs,support_tickets_opened,website_visits_per_month,customer_tenure_months
CUST-16265,36.0,9692743.0,1610268,12,3,19,23
CUST-74820,31.0,24628519.0,11472471,27,1,2,24
CUST-93104,23.0,4791743.0,203355,1,0,12,22
CUST-12747,44.0,20743066.0,9253882,34,1,16,15
CUST-76803,36.0,13147581.0,3454354,19,3,25,3
CUST-97313,24.0,6586644.0,356840,3,0,4,25
CUST-33483,19.0,6795513.0,517113,1,0,7,44
CUST-79479,36.0,12798669.0,3370928,11,2,4,2
CUST-81211,43.0,13558019.0,2720405,9,2,2,10
CUST-99789,25.0,4564685.0,453531,1,0,8,21
CUST-73704,39.0,10704238.0,4130708,15,2,28,45
CUST-12568,42.0,20173036.0,8425472,49,0,24,1
CUST-43159,45.0,9752126.0,1636330,10,1,3,35
CUST-62251,22.0,6231785.0,388998,2,0,7,9
CUST-89575,23.0,12545583.0,4511062,14,2,5,35
CUST-18110,43.0,10121690.0,4491650,8,3,14,3
CUST-10206,27.0,6720246.0,715270,3,0,15,26
CUST-64268,40.0,15769598.0,12292895,31,0,4,30
CUST-43827,34.0,32750764.0,10344014,35,0,13,32
CUST-74044,40.0,12574293.0,4012667,9,2,25,6
CUST-85766,33.0,12394539.0,3623091,18,2,28,25
CUST-16776,22.0,10782592.0,3201240,18,2,20,13
CUST-13748,24.0,6548421.0,121959,3,0,1,42
CUST-64384,36.0,9384250.0,1561087,15,1,17,12
CUST-36736,23.0,13725570.0,1916880,12,1,2,2
CUST-56717,44.0,13595108.0,2980415,8,1,2,44
CUST-22688,27.0,11864822.0,2619043,14,3,6,24
CUST-90623,23.0,11080389.0,3161909,18,3,16,33
CUST-82082,48.0,12173125.0,3648815,10,3,26,3
CUST-94896,21.0,6755423.0,314835,1,0,8,39
CUST-57254,18.0,5056731.0,566872,1,0,10,35
CUST-12049,37.0,11504473.0,4605391,16,1,1,12
CUST-52642,48.0,13184502.0,2198376,16,3,16,16
CUST-22183,25.0,4907317.0,488215,1,0,20,11
CUST-58354,21.0,4501157.0,284423,4,0,16,25
CUST-12869,39.0,10799487.0,4404941,9,2,3,16
CUST-96831,21.0,5138848.0,138467,1,0,20,8
CUST-50818,18.0,5905279.0,356687,4,0,22,22
CUST-15895,27.0,9620197.0,3731660,10,2,27,27
CUST-50764,18.0,5418175.0,760960,1,0,16,19
CUST-53484,38.0,10727423.0,3015536,19,2,14,6
CUST-55236,30.0,10509079.0,4387004,8,2,3,33
CUST-42745,28.0,33992383.0,10886402,42,0,22,3
CUST-66958,45.0,13246894.0,4918965,14,2,27,42
CUST-88069,18.0,4158823.0,730152,3,0,16,39
CUST-99912,150.0,9492785.0,2297079,19,2,4,45
CUST-65766,29.0,11414527.0,2786125,19,3,15,28
CUST-62921,44.0,8649150.0,4875957,10,1,29,22
CUST-63006,43.0,9079600.0,2525715,17,2,22,43
CUST-97142,28.0,33762804.0,7251451,36,1,4,6
CUST-27019,42.0,33037602.0,10054390,32,1,10,30
CUST-99480,32.0,34955161.0,14348340,47,0,12,1
CUST-55543,22.0,12062958.0,2543233,13,1,13,1
CUST-69638,24.0,6762174.0,641252,2,0,3,12
CUST-71389,40.0,8144356.0,1703861,16,1,28,5
CUST-53919,41.0,27661693.0,9288627,29,1,26,26
CUST-33049,28.0,10582115.0,3004544,12,3,22,5
CUST-19823,21.0,6530526.0,647577,3,0,1,5
CUST-59115,37.0,9100567.0,3785903,14,2,27,20
CUST-80588,39.0,12730530.0,4549851,8,1,19,43
CUST-79449,,4491072.0,138304,4,0,11,44
CUST-37350,33.0,13019230.0,2814093,9,1,17,26
CUST-30358,47.0,11353597.0,1565953,10,1,4,45
CUST-54425,25.0,6989475.0,160692,1,0,5,9
CUST-80640,24.0,9162928.0,2369474,11,2,7,32
CUST-53286,26.0,9355531.0,2715856,14,1,25,35
CUST-10728,44.0,28217648.0,12781565,44,1,22,13
CUST-34466,18.0,4409995.0,295004,1,0,12,9
CUST-70921,35.0,12246238.0,3268831,11,3,15,16
CUST-97508,24.0,11772811.0,3817336,11,3,4,23
CUST-31689,24.0,5656940.0,189780,2,0,7,14
CUST-16801,26.0,11038370.0,1538102,18,3,15,12
CUST-31677,47.0,12426219.0,4325104,13,3,13,40
CUST-36962,29.0,28846020.0,13903836,29,1,8,45
CUST-45909,41.0,9533584.0,3506342,16,1,28,31
CUST-25485,33.0,8026790.0,3191738,17,2,3,45
CUST-62224,35.0,16454908.0,9253694,33,0,3,13
CUST-77641,46.0,12949499.0,3887312,16,1,12,45
CUST-71642,22.0,5855567.0,586261,1,0,28,37
CUST-27640,40.0,10373139.0,2527512,9,3,17,14
CUST-29087,22.0,10598260.0,4231573,13,3,23,11
CUST-39703,37.0,10485195.0,2834679,19,1,26,28
CUST-14835,29.0,11775803.0,4284433,19,1,27,17
CUST-37532,42.0,13562067.0,2542892,19,1,14,35
CUST-60990,19.0,6677618.0,673695,1,0,25,2
CUST-71813,40.0,18314692.0,11193398,48,0,1,18
CUST-72680,18.0,5635156.0,385977,3,0,22,27
CUST-50943,22.0,11251298.0,1770846,8,1,23,6
CUST-33524,26.0,10332517.0,1842786,12,3,21,37
CUST-48765,20.0,5193104.0,606964,2,0,1,45
CUST-17239,22.0,12895207.0,1592193,19,3,7,26
CUST-47131,43.0,11582069.0,2860642,18,2,1,44
CUST-11252,48.0,12892472.0,1981680,14,3,21,14
CUST-16949,20.0,6702757.0,427359,4,0,18,34
CUST-63413,36.0,12975026.0,4983617,11,1,1,24
CUST-49811,24.0,4707689.0,353490,1,0,10,17
CUST-15569,49.0,8650199.0,3820929,13,1,13,43
CUST-16090,32.0,8661614.0,2179574,14,3,22,16
CUST-43434,29.0,13106563.0,3769464,10,3,29,32
CUST-46668,,13123122.0,3654260,12,2,22,21
CUST-91818,26.0,10245131.0,2698425,9,1,9,26
CUST-29262,26.0,5222869.0,286717,3,0,16,17
CUST-97731,22.0,10287623.0,2414032,10,1,15,47
CUST-54247,43.0,12583897.0,2315131,14,2,2,45
CUST-48638,34.0,34678830.0,9966422,38,0,28,45
CUST-83688,,5678050.0,266926,4,0,23,37
CUST-57915,28.0,,3692614,13,2,25,17
CUST-36734,46.0,13875267.0,4129001,10,1,4,47
CUST-82274,25.0,6568103.0,181264,4,0,10,41
CUST-85703,41.0,13952793.0,2072735,9,3,27,45
CUST-11605,46.0,11859744.0,4499732,13,1,23,4
CUST-34818,25.0,5207094.0,224040,3,0,8,37
CUST-38746,23.0,5695041.0,403571,9999,0,4,15
CUST-63441,18.0,6209373.0,360669,1,0,15,11
CUST-74323,40.0,10971820.0,3734693,17,2,19,20
CUST-88477,38.0,10332811.0,3986830,8,2,6,37
CUST-69383,25.0,9416012.0,3058506,10,1,10,5
CUST-18512,39.0,23767500.0,11199591,26,1,5,9
CUST-52078,25.0,6719269.0,529474,2,0,17,5
CUST-80792,19.0,5175885.0,429588,4,0,2,12
CUST-18007,22.0,11806503.0,2592501,19,1,11,41
CUST-29282,20.0,4873172.0,639812,1,0,27,14
CUST-53303,25.0,9062636.0,3286921,16,2,8,39
CUST-97062,20.0,4335484.0,565317,1,0,15,33
CUST-46455,22.0,11681262.0,1938774,9,2,8,39
CUST-97487,33.0,26630982.0,7345266,32,1,20,15
CUST-10922,18.0,5107955.0,125053,3,0,4,29
CUST-77779,22.0,9899492.0,2580730,14,1,22,2
CUST-65180,27.0,5223520.0,670485,2,0,15,36
CUST-24382,41.0,11448503.0,2939758,15,1,4,12
CUST-81315,20.0,6530034.0,437827,4,0,11,10
CUST-12443,27.0,9979079.0,4701046,17,2,26,13
CUST-49915,28.0,25673774.0,13383207,35,1,4,4
CUST-37632,22.0,4890695.0,100126,2,0,28,31
CUST-13797,43.0,12935730.0,1998716,15,1,11,23
CUST-29256,32.0,17002324.0,13262105,38,1,1,40
CUST-49224,36.0,8318408.0,1968276,16,2,21,26
CUST-18577,41.0,9229336.0,2517433,18,2,7,18
CUST-80507,48.0,12492816.0,2162143,18,3,27,24
CUST-47148,41.0,12108997.0,4403540,15,1,11,22
CUST-62853,39.0,9295302.0,2070451,16,1,22,28
CUST-51949,29.0,9038896.0,4797606,8,1,23,19
CUST-28449,38.0,13984684.0,4819260,15,3,1,14
CUST-36737,19.0,5186293.0,481915,1,0,6,4
CUST-85629,44.0,11448678.0,2859490,17,2,2,33
CUST-86534,34.0,26484508.0,14449607,25,0,3,24
CUST-49986,29.0,10546741.0,3235416,12,3,1,28
CUST-85039,23.0,10694946.0,1534911,15,2,24,46
CUST-96925,21.0,,599876,2,0,23,18
CUST-30079,34.0,21569632.0,10672214,45,0,29,19
CUST-33236,49.0,11526737.0,1901921,8,3,20,11
CUST-43572,23.0,9937878.0,1707990,19,1,6,30
CUST-27771,42.0,11266402.0,2406739,17,2,24,17
CUST-96143,25.0,4067642.0,190093,3,0,17,17
CUST-65029,29.0,10859244.0,2386040,14,1,22,43
CUST-84532,47.0,9286585.0,2280316,9,3,11,6
CUST-41653,22.0,6582569.0,531459,1,0,2,17
CUST-71396,27.0,13768790.0,2073044,17,2,27,31
CUST-69052,25.0,5226476.0,672212,3,0,17,26
CUST-71120,47.0,8691757.0,1890719,9,2,19,36
CUST-99599,22.0,4708362.0,613319,3,0,4,39
CUST-99399,43.0,8708662.0,4013518,15,2,1,36
CUST-34058,40.0,13703394.0,4546643,18,1,13,43
CUST-64912,47.0,12851188.0,4221864,16,1,25,43
CUST-44020,46.0,9324070.0,4670082,10,2,12,44
CUST-79626,23.0,5661793.0,385195,3,0,17,17
CUST-54623,24.0,6416430.0,251563,2,0,24,19
CUST-77957,22.0,5059920.0,494966,1,0,16,6
CUST-37935,19.0,4717912.0,177454,3,0,10,16
CUST-92310,24.0,4612121.0,418420,2,0,14,15
CUST-51786,30.0,13122930.0,3939855,15,2,23,29
CUST-76150,41.0,11433382.0,1781570,9,3,17,14
CUST-12983,24.0,8559723.0,3431451,9,3,26,23
CUST-17564,42.0,16841648.0,12549571,46,0,18,33
CUST-84038,27.0,6958443.0,311837,2,0,3,42
CUST-79346,24.0,6649228.0,541759,4,0,27,39
CUST-22984,44.0,30004124.0,9093373,45,1,16,44
CUST-20816,27.0,5859582.0,350195,1,0,17,3
CUST-50600,45.0,8556701.0,2714449,11,2,16,1
CUST-99431,26.0,4397710.0,311760,1,0,4,12
CUST-47573,22.0,4911420.0,338506,4,0,7,46
CUST-66979,34.0,11881185.0,1679352,14,3,29,45
CUST-65554,38.0,34984609.0,12489464,33,0,24,6
CUST-56600,23.0,5514542.0,166262,1,0,3,20
CUST-38831,27.0,6574754.0,474999,3,0,3,38
CUST-27674,36.0,12909384.0,3175843,12,2,9,3
CUST-39192,30.0,10462616.0,4210241,19,2,15,40
CUST-90199,19.0,5074135.0,658030,2,0,27,5
CUST-51755,33.0,20087268.0,13155579,40,0,5,13
CUST-12396,25.0,4402732.0,606079,2,0,19,3
CUST-96231,23.0,11479591.0,2798266,8,2,19,16
CUST-43130,22.0,12684346.0,1958298,16,1,13,25
CUST-63947,21.0,5921214.0,169274,2,0,7,5
CUST-12719,27.0,6689784.0,671926,2,0,11,30
CUST-67932,19.0,6509155.0,226209,2,0,29,12
CUST-41966,40.0,34858544.0,12371112,41,1,2,24
CUST-39257,23.0,4600530.0,278589,3,0,9,32
CUST-17491,22.0,5656671.0,538755,2,0,27,17
CUST-86919,18.0,4597897.0,353973,2,0,27,18
CUST-37083,21.0,4484090.0,776787,1,0,7,29
CUST-39241,33.0,34954542.0,8554510,43,0,23,26
CUST-91958,23.0,12427036.0,3218224,10,1,15,29
CUST-87258,41.0,8444191.0,3002337,11,2,27,3
CUST-49214,25.0,6981467.0,395900,1,0,16,37
CUST-15626,27.0,,4840216,12,3,1,38
CUST-48158,24.0,12017136.0,2786936,15,2,12,16
CUST-92970,49.0,10474968.0,3471856,12,3,14,7
CUST-62098,33.0,13481140.0,4520311,19,2,20,46
CUST-75455,35.0,10881990.0,2297968,19,1,25,22
CUST-39759,42.0,9804673.0,4438199,15,3,13,17
CUST-51688,41.0,28476005.0,9778655,35,0,1,38
CUST-62269,23.0,4593586.0,536624,4,0,15,16
CUST-73483,49.0,13553811.0,2846208,17,2,1,2
CUST-66985,30.0,12370380.0,3549949,8,1,22,39
CUST-78577,34.0,23439469.0,14678073,42,0,10,44
CUST-36015,38.0,29391234.0,14258746,30,0,9,12
CUST-34826,19.0,5308507.0,506845,3,0,7,11
CUST-31288,21.0,6703381.0,198818,3,0,28,42
CUST-93186,,12335702.0,3067628,16,1,26,19
CUST-12356,21.0,4594604.0,128380,3,0,23,32
CUST-47412,39.0,13711813.0,3440369,10,2,24,41
CUST-40027,49.0,9390281.0,3822466,13,3,17,30
CUST-57908,27.0,6229180.0,331447,4,0,4,28
CUST-90818,41.0,12031419.0,1801207,9,1,9,36
CUST-36017,29.0,24852415.0,10092195,26,0,4,6
CUST-58364,40.0,10377074.0,4297753,13,1,18,40
CUST-33279,18.0,6618137.0,119975,4,0,23,42
CUST-54965,35.0,11850241.0,2843862,12,1,13,41
CUST-57064,49.0,11109244.0,2122605,15,3,20,2
CUST-77649,44.0,16960826.0,13877016,49,1,3,37
CUST-22588,28.0,15152999.0,11542923,48,1,23,47
CUST-86619,31.0,13287618.0,4154837,17,1,9,1
CUST-81635,29.0,13659595.0,4603232,16,2,28,43
CUST-19847,22.0,5326283.0,192324,1,0,12,28
CUST-91537,23.0,6540476.0,134707,2,0,9,37
CUST-86260,18.0,4170102.0,494274,2,0,21,5
CUST-45057,41.0,18040267.0,14983593,44,0,24,43
CUST-78785,34.0,21935774.0,8367223,39,0,23,44
CUST-53753,44.0,10906495.0,2843276,11,2,28,8
CUST-23669,18.0,5549302.0,778556,4,0,5,47
CUST-98009,23.0,8964918.0,1996758,17,3,18,18
CUST-52823,29.0,13701934.0,2776647,8,3,25,46
CUST-88916,18.0,5914142.0,381652,4,0,9,26
CUST-15704,23.0,13870577.0,3483167,13,3,1,41
CUST-76024,26.0,6739956.0,622828,3,0,11,4
CUST-46321,27.0,11699181.0,4082117,10,2,18,13
CUST-61924,20.0,5938762.0,494583,2,0,15,1
CUST-93360,,12032654.0,2164468,10,1,17,32
CUST-70233,33.0,12274277.0,2134122,10,2,2,46
CUST-41348,42.0,8225049.0,2817191,9,2,29,26
CUST-21563,32.0,16654753.0,12296431,29,0,4,15
CUST-68348,44.0,10086213.0,4858509,9,3,21,23
CUST-46914,37.0,12253486.0,3946459,16,3,15,4
CUST-16012,23.0,4955154.0,540097,2,0,4,46
CUST-64691,36.0,12338843.0,1924226,15,2,18,2
CUST-54139,25.0,11901529.0,4903096,18,3,10,39
CUST-84172,28.0,9530814.0,3353751,8,2,10,36
CUST-23673,43.0,13605126.0,2869909,8,1,15,13
CUST-47384,43.0,13987029.0,4786235,16,2,15,10
CUST-44084,46.0,8075388.0,4152841,15,1,4,24
CUST-91571,24.0,6395337.0,427825,3,0,10,33
CUST-27014,26.0,8195246.0,3843394,19,2,21,17
CUST-33711,26.0,13783182.0,4738306,19,3,11,10
CUST-27727,34.0,11119612.0,4391005,16,2,3,7
CUST-65754,24.0,13629481.0,3498197,14,1,7,24
CUST-64253,31.0,20538917.0,8124905,31,0,4,40
CUST-20106,25.0,9980290.0,4924328,15,1,6,41
CUST-14255,34.0,13181057.0,4323099,12,3,21,8
CUST-55113,19.0,5908802.0,599499,1,0,3,22
CUST-63363,44.0,12908240.0,3060354,9,3,8,22
CUST-10207,25.0,11127748.0,3639980,16,3,10,30
CUST-91437,37.0,13311499.0,1808623,19,3,13,23
CUST-92205,29.0,10126453.0,2771300,11,1,21,20
CUST-86559,39.0,11404231.0,3164742,8,1,12,38
CUST-94328,35.0,9982243.0,3192128,14,2,21,2
CUST-28073,26.0,4389954.0,138067,2,0,4,18
CUST-71929,24.0,12809109.0,3083246,13,1,12,47
CUST-70631,27.0,12481617.0,1587468,10,2,10,30
CUST-88222,20.0,4293894.0,664749,1,0,21,35
CUST-58895,23.0,12115362.0,3203377,11,2,10,25
CUST-41055,43.0,13272864.0,4651629,8,2,22,46
CUST-58244,24.0,8968616.0,1523429,16,1,2,8
CUST-99099,25.0,9720856.0,2056110,11,1,28,13
CUST-28268,21.0,4251537.0,659550,2,0,11,2
CUST-65677,40.0,11447794.0,3596594,9,2,11,31
CUST-80984,30.0,10790358.0,4690664,10,1,28,46
CUST-56851,43.0,32686927.0,14494395,25,1,7,40
CUST-22411,24.0,4427387.0,534995,1,0,6,39
CUST-61196,22.0,6154174.0,433373,4,0,3,7
CUST-86373,43.0,13867021.0,2055462,12,1,5,2
CUST-15542,33.0,23592974.0,7502420,34,0,5,1
CUST-57076,47.0,12153585.0,3185996,12,1,13,32
CUST-32420,24.0,8971248.0,1963547,18,3,20,26
CUST-82930,29.0,33740787.0,12542511,42,1,9,29
CUST-40911,27.0,12913705.0,3575020,8,1,17,9
CUST-52080,19.0,4442939.0,103631,1,0,10,40
CUST-98789,32.0,13632758.0,2248321,15,3,8,15
CUST-40111,24.0,,196722,1,0,12,1
CUST-46224,29.0,10822988.0,4968792,14,3,13,24
CUST-54857,44.0,29501508.0,10293331,45,1,14,36
CUST-38138,36.0,11904722.0,-500000,10,3,26,5
CUST-38270,43.0,11009887.0,3018087,17,2,16,28
CUST-45144,25.0,6871039.0,354311,1,0,2,15
CUST-88040,38.0,12070211.0,2443693,16,1,26,10
CUST-49071,25.0,6900737.0,421909,1,0,16,32
CUST-36806,23.0,12907530.0,4793705,8,2,9,25
CUST-86971,35.0,9519603.0,3468541,11,1,19,46
CUST-86272,30.0,29804511.0,9217181,47,0,12,41
CUST-89751,42.0,12877708.0,3047261,12,2,14,40
CUST-96250,44.0,12826847.0,4381738,13,2,25,22
CUST-65731,34.0,11231185.0,3741281,12,3,27,31
CUST-37044,44.0,11690583.0,4020107,13,3,29,33
CUST-19496,43.0,10443282.0,2368374,14,3,5,47
CUST-59666,47.0,13176903.0,4013024,19,1,1,4
CUST-44196,37.0,20627745.0,10911146,49,1,14,39
CUST-29033,23.0,9116271.0,4028268,16,2,26,12
CUST-25379,26.0,4282017.0,664660,1,0,11,16
CUST-19596,33.0,22089975.0,7416978,29,1,4,20
CUST-83445,23.0,5163490.0,647993,1,0,21,40
CUST-47804,31.0,9927205.0,1604195,19,1,20,17
CUST-33225,25.0,9477852.0,4609389,10,1,23,4
CUST-78926,29.0,16294929.0,9504594,43,0,14,19
CUST-53934,40.0,31053323.0,14275037,30,0,4,19
CUST-86256,25.0,13510493.0,1790998,8,3,18,28
CUST-87984,26.0,6130939.0,645909,1,0,17,6
CUST-94045,37.0,10225198.0,2239290,13,3,28,11
CUST-56850,27.0,4516595.0,763689,2,0,13,43
CUST-33284,40.0,25128069.0,9150224,37,0,19,42
CUST-32436,27.0,6834418.0,687100,4,0,20,21
CUST-25078,26.0,12041059.0,4366757,17,2,7,35
CUST-17531,46.0,13024355.0,4247176,13,2,28,31
CUST-84603,26.0,6404899.0,574013,4,0,10,30
CUST-60057,34.0,24340854.0,7019675,38,1,16,16
CUST-51800,27.0,4270040.0,526188,2,0,13,36
CUST-40682,38.0,24322004.0,12028035,42,0,7,6
CUST-87454,19.0,4115359.0,166707,4,0,16,7
CUST-28745,47.0,11541483.0,4092631,16,1,21,18
CUST-97896,32.0,27155863.0,8599792,43,0,21,12
CUST-98553,30.0,10365600.0,2708948,11,3,25,7
CUST-28474,22.0,8206487.0,3695004,9,2,9,39
CUST-79184,18.0,6557537.0,412813,2,0,10,21
CUST-88258,43.0,31374601.0,12832801,40,1,29,39
CUST-58777,45.0,11366823.0,4110469,19,3,3,32
CUST-15774,41.0,8588158.0,4130723,11,2,24,40
CUST-66700,23.0,6091635.0,625069,3,0,9,40
CUST-91816,27.0,5561456.0,391262,2,0,24,3
CUST-31253,18.0,4443945.0,141971,3,0,7,23
CUST-12551,19.0,6725290.0,762212,3,0,12,10
CUST-31384,36.0,27902884.0,14601748,32,0,15,15
CUST-95445,25.0,6831569.0,500187,4,0,12,2
CUST-95120,24.0,11014938.0,3807697,18,2,23,8
CUST-72987,22.0,4273349.0,495807,1,0,11,46
CUST-66481,22.0,12226156.0,4557526,12,1,4,28
CUST-36819,24.0,5449796.0,155426,1,0,25,20
CUST-40930,22.0,6539784.0,195665,2,0,28,44
CUST-28888,19.0,5493934.0,343051,4,0,21,24
CUST-95751,24.0,11932747.0,2561339,17,1,26,33
CUST-39009,41.0,12565537.0,2724744,10,3,26,11
CUST-65915,37.0,12629375.0,4989429,8,1,11,30
CUST-97969,20.0,5237715.0,258588,4,0,2,35
CUST-48547,49.0,8123950.0,1829638,13,1,28,1
CUST-97960,24.0,5304766.0,306402,4,0,15,38
CUST-65267,42.0,13205620.0,1943316,11,2,12,17
CUST-96661,20.0,6148091.0,241521,3,0,27,27
CUST-12659,48.0,12670817.0,4792023,13,2,21,8
CUST-33383,41.0,25769914.0,9892371,41,0,14,26
CUST-94866,23.0,6822136.0,615693,3,0,10,19
CUST-58200,21.0,5517740.0,128365,3,0,27,19
CUST-61875,25.0,6409381.0,658516,1,0,8,17
CUST-21240,22.0,8077175.0,4185747,16,2,27,14
CUST-24849,21.0,4163834.0,370403,4,0,9,46
CUST-69659,45.0,13051646.0,1785711,8,2,3,11
CUST-89151,19.0,4460244.0,674100,1,0,20,37
CUST-56403,22.0,13315572.0,1960796,16,1,3,17
CUST-16581,28.0,22320583.0,14822636,47,0,12,46
CUST-99906,26.0,4088668.0,769927,1,0,6,20
CUST-53355,20.0,4553091.0,773590,3,0,28,4
CUST-21190,34.0,8270914.0,2941985,15,2,9,1
CUST-16716,27.0,10661637.0,3584504,9,1,12,6
CUST-85868,,34248594.0,13114683,34,0,13,35
CUST-16796,24.0,8869807.0,3259980,11,1,29,38
CUST-26724,18.0,5369277.0,379687,3,0,21,42
CUST-14648,30.0,10279176.0,2685111,12,1,17,24
CUST-32207,48.0,10408630.0,2355080,14,1,11,46
CUST-88279,18.0,4961703.0,632498,4,0,29,45
CUST-88682,37.0,11900379.0,4464932,15,1,14,23
CUST-33377,24.0,6231984.0,253262,4,0,18,2
CUST-44542,22.0,12975230.0,3884291,9,1,28,40
CUST-24376,18.0,4437625.0,255378,3,0,7,2
CUST-84637,30.0,10542017.0,2976402,18,1,18,9
CUST-87313,49.0,13655635.0,2280741,18,1,29,38
CUST-12282,25.0,6906369.0,349768,2,0,1,45
CUST-60583,26.0,13935677.0,1708944,16,3,25,38
CUST-46268,23.0,5197162.0,483395,3,0,23,9
CUST-27858,47.0,9897501.0,2060315,19,2,3,28
CUST-74047,30.0,13573694.0,2534262,15,3,26,36
CUST-78803,45.0,11627447.0,4030971,12,3,5,1
CUST-12011,41.0,8245404.0,4239401,19,2,3,43
CUST-18767,48.0,9227146.0,4380304,8,2,5,8
CUST-27438,41.0,8615863.0,4640811,13,1,4,45
CUST-99859,25.0,6458042.0,745194,1,0,26,27
CUST-36417,32.0,13446079.0,1876794,17,3,6,15
CUST-41778,31.0,11885180.0,2701700,17,1,23,6
CUST-24973,49.0,9972424.0,4140240,18,3,20,17
CUST-25848,37.0,8435477.0,3183523,12,1,17,13
CUST-74386,43.0,11494708.0,4258010,14,3,10,34
CUST-92302,40.0,13968633.0,1630544,12,2,12,21
CUST-35879,,6565618.0,724219,3,0,29,35
CUST-65568,23.0,10648202.0,2692931,10,1,3,18
CUST-28951,46.0,10181906.0,2102276,14,1,28,5
CUST-34842,25.0,10975605.0,2404850,18,1,22,45
CUST-11207,43.0,10123238.0,4924731,12,1,20,41
CUST-70011,23.0,5539600.0,690706,3,0,12,32
CUST-38064,44.0,9416953.0,2390083,13,3,24,23
CUST-46304,32.0,11289791.0,2092632,10,2,19,14
CUST-63410,49.0,13785522.0,3881486,11,3,16,9
CUST-90018,40.0,22085904.0,13555984,41,0,6,3
CUST-37103,34.0,11564462.0,4145485,14,2,22,29
CUST-27611,30.0,31272265.0,13969129,45,1,2,41
CUST-20503,45.0,13301533.0,3290008,10,3,26,40
CUST-19764,28.0,13124674.0,3925920,11,1,1,15
CUST-30131,35.0,29163844.0,13932667,33,0,3,2
CUST-18605,36.0,33895649.0,13345645,38,1,6,11
CUST-38220,24.0,13284749.0,4154395,9,1,19,38
CUST-56092,29.0,10681206.0,2692097,17,2,24,47
CUST-80263,23.0,11931586.0,4714215,14,2,23,27
CUST-44324,34.0,24042832.0,14748840,45,0,19,19
CUST-90905,43.0,9472542.0,1778710,14,2,4,8
CUST-18244,41.0,12194463.0,4595565,9,2,24,15
CUST-84763,25.0,9279180.0,4833178,14,2,23,31
CUST-89563,39.0,10797921.0,1679838,18,1,17,15
CUST-54757,44.0,29244857.0,14587676,42,1,6,17
CUST-65103,35.0,31406440.0,9263429,29,1,29,28
CUST-15571,28.0,25670216.0,10930010,26,1,4,18
CUST-42441,20.0,5548485.0,618767,4,0,23,26
CUST-81854,49.0,10141912.0,4644311,14,2,23,21
CUST-64040,22.0,4975776.0,611511,4,0,9,21
CUST-64575,40.0,13630761.0,2856688,12,2,7,28
CUST-15355,20.0,6870574.0,691343,2,0,9,7
CUST-36654,19.0,5338084.0,780332,4,0,2,16
CUST-37747,27.0,8118581.0,2676503,13,1,13,23
CUST-33554,23.0,8872328.0,2115175,14,2,28,6
CUST-64336,42.0,10376219.0,2858311,13,2,4,21
CUST-20293,24.0,11655180.0,3539096,8,2,10,44
CUST-52965,37.0,32583780.0,10918949,48,1,17,36
CUST-61813,20.0,6908056.0,600098,3,0,17,12
CUST-95179,45.0,9061404.0,2479114,16,2,26,38
CUST-86240,24.0,6378907.0,799151,3,0,8,28
CUST-40116,23.0,5486516.0,695642,3,0,6,7
CUST-71240,28.0,34978294.0,8642425,31,1,12,16
CUST-14426,42.0,9498339.0,3136974,10,1,8,33
CUST-55671,45.0,12142535.0,1773452,13,3,3,29
CUST-59067,23.0,11198156.0,3106734,19,3,26,4
CUST-88257,26.0,4142980.0,602367,4,0,11,15
CUST-87240,43.0,9917160.0,4815258,17,3,26,25
CUST-88915,20.0,6054410.0,480596,4,0,15,31
CUST-42983,32.0,13439296.0,3499920,11,2,22,47
CUST-15939,41.0,26152153.0,10516144,42,0,9,11
CUST-37076,28.0,29069473.0,14125006,45,1,6,38
CUST-54254,19.0,6915017.0,667597,1,0,3,30
CUST-34272,25.0,4863659.0,239883,1,0,16,11
CUST-69234,23.0,6125480.0,737199,4,0,28,26
CUST-40873,33.0,9349590.0,1885893,13,2,6,4
CUST-60081,19.0,4296208.0,168431,2,0,23,8
CUST-31542,29.0,13353966.0,4053437,8,3,17,20
CUST-32601,43.0,11645525.0,3755915,16,1,4,37
CUST-28601,49.0,8692137.0,1781854,18,1,28,40
CUST-91050,25.0,6827183.0,782773,1,0,25,29
CUST-50695,34.0,9901740.0,2954089,11,1,23,27
CUST-95744,18.0,4107096.0,192764,3,0,3,20
CUST-30313,30.0,27951138.0,14343728,31,0,14,17
CUST-76641,21.0,6495324.0,568947,1,0,4,1
CUST-39961,47.0,9728665.0,2661068,11,3,27,11
CUST-44540,22.0,5139904.0,405505,4,0,9,29
CUST-69979,32.0,11541815.0,1546002,12,3,26,19
CUST-55607,34.0,29900526.0,13072310,31,1,5,21
CUST-30700,24.0,4925779.0,410001,4,0,8,41
CUST-41555,37.0,8191387.0,2789709,16,3,26,15
CUST-55095,18.0,4998082.0,453646,4,0,29,36
CUST-26673,45.0,12467223.0,3019593,11,3,25,23
CUST-47544,40.0,20149534.0,10924221,45,1,25,6
CUST-63459,37.0,16947238.0,13289317,45,0,3,22
CUST-95160,23.0,5200114.0,145475,3,0,5,13
CUST-75458,39.0,12623037.0,4265668,16,3,14,47
CUST-12708,24.0,5468919.0,236213,1,0,8,16
CUST-62874,37.0,28996474.0,13191265,33,0,10,22
CUST-21108,25.0,13583982.0,3892216,18,1,6,1
CUST-30583,20.0,4601891.0,133872,1,0,15,32
CUST-29873,33.0,15537977.0,8999014,49,0,27,41
CUST-11538,34.0,10159173.0,4289637,11,1,17,12
CUST-85225,34.0,,2208672,8,3,15,36
CUST-44675,21.0,6430865.0,301554,3,0,3,40
CUST-55814,18.0,6278669.0,170305,1,0,4,24
CUST-20578,20.0,4594821.0,287256,1,0,21,1
CUST-45531,37.0,13636485.0,2910023,10,3,16,43
CUST-74887,21.0,5694814.0,225355,3,0,22,37
CUST-96610,41.0,21156738.0,11599409,40,0,19,18
CUST-69722,29.0,12529275.0,3179328,8,2,5,27
CUST-33620,27.0,8281696.0,2690456,19,2,22,33
CUST-56220,37.0,9824964.0,2888509,14,1,20,7
CUST-32931,35.0,9568146.0,1983455,13,1,29,24
CUST-65312,31.0,10871656.0,4671719,17,2,2,6
CUST-24256,49.0,13399869.0,4969992,12,2,27,12
CUST-51167,30.0,24483017.0,12003361,49,0,2,24
CUST-77054,43.0,13857433.0,2022154,14,3,6,20
CUST-36990,43.0,10082963.0,3268555,10,3,2,30
CUST-22360,43.0,8737090.0,2414565,18,2,1,32
CUST-39084,30.0,9570234.0,4027331,18,2,4,1
CUST-11813,37.0,27383028.0,12913678,46,0,4,34
CUST-92736,34.0,10291136.0,4706000,11,3,9,36
CUST-12093,27.0,6567587.0,701160,1,0,10,32
CUST-94021,37.0,12002981.0,2919920,17,2,18,35
CUST-70686,22.0,6088062.0,359480,4,0,4,29
CUST-14138,48.0,13332889.0,2223858,15,1,25,41
CUST-53764,41.0,11864044.0,3953159,14,1,23,47
CUST-15039,18.0,6316280.0,333540,3,0,2,40
CUST-96346,39.0,9338306.0,3650205,17,1,16,18
CUST-79906,44.0,10582153.0,2353329,13,3,4,13
CUST-43458,20.0,6459593.0,634391,3,0,14,42
CUST-95947,27.0,11825258.0,2556600,14,1,28,33
CUST-30025,26.0,5192503.0,185178,1,0,11,38
CUST-34417,25.0,11800315.0,4651396,19,2,22,11
CUST-64122,34.0,9137411.0,3170357,14,1,22,24
CUST-66704,,4297986.0,113261,2,0,6,38
CUST-45436,32.0,15673812.0,9932977,31,0,15,20
CUST-31225,25.0,8536644.0,2152416,11,3,23,25
CUST-12591,47.0,9849395.0,3928759,16,1,23,32
CUST-94774,27.0,6032816.0,181257,2,0,16,33
CUST-76197,30.0,10735090.0,4705228,10,3,9,5
CUST-16968,38.0,,3071286,10,2,22,9
CUST-64316,26.0,12025942.0,3829228,11,3,17,40
CUST-80293,22.0,5587819.0,275121,2,0,22,33
CUST-53939,32.0,8990121.0,4949330,17,2,2,9
CUST-59298,32.0,13204173.0,1993814,13,3,22,15
CUST-18328,25.0,4384583.0,798730,1,0,15,33
CUST-18640,40.0,13343426.0,2104489,15,3,29,34
CUST-80463,43.0,13113728.0,3903233,8,1,29,29
CUST-68692,45.0,10866457.0,3930992,14,1,26,3
CUST-46413,38.0,9160294.0,2901652,8,1,17,43
CUST-57897,30.0,27057116.0,13327924,35,1,28,16
CUST-43272,36.0,33926199.0,9942775,25,0,22,16
CUST-21676,33.0,9514101.0,3830344,14,2,19,19
CUST-47405,20.0,6887818.0,169300,2,0,25,40
CUST-12763,43.0,34214047.0,11165255,46,1,15,40
CUST-57937,21.0,5125424.0,661836,2,0,13,45
CUST-36946,21.0,4481215.0,585097,1,0,19,3
CUST-34123,29.0,9521722.0,3989270,11,3,20,11
CUST-19277,32.0,10367322.0,2875645,18,2,17,9
CUST-31639,29.0,24088503.0,13632142,40,0,9,37
CUST-73972,28.0,9846585.0,4460883,8,3,19,44
CUST-44693,24.0,5608795.0,748456,3,0,29,17
CUST-97796,24.0,11715929.0,3458691,17,1,22,42
CUST-74551,34.0,12648455.0,4138439,18,1,13,2
CUST-94481,33.0,13155115.0,4232426,8,2,18,12
CUST-38453,44.0,13616273.0,3604637,8,2,25,47
CUST-75133,24.0,9857596.0,2758624,19,1,13,27
CUST-47701,43.0,10750025.0,3318036,11,3,24,20
CUST-76629,21.0,4786635.0,715168,1,0,29,21
CUST-43457,22.0,4674619.0,791319,2,0,16,6
CUST-38901,35.0,10272759.0,1909319,14,1,18,2
CUST-48437,18.0,6278581.0,317980,4,0,16,27
CUST-38302,27.0,6396524.0,123386,3,0,16,13
CUST-89818,38.0,19517562.0,13540180,43,1,28,35
CUST-75206,41.0,25912663.0,9990193,41,1,15,43
CUST-86312,30.0,18232452.0,11947796,34,0,4,29
CUST-66984,19.0,5570889.0,133340,3,0,20,19
CUST-78798,19.0,4465590.0,610491,1,0,27,5
CUST-89768,19.0,4407427.0,152691,2,0,14,11
CUST-73185,19.0,4543898.0,277718,2,0,24,23
CUST-88824,22.0,6919766.0,591006,1,0,22,10
CUST-28062,22.0,13045311.0,4456102,11,1,8,12
CUST-54435,42.0,21139996.0,13351277,38,1,18,33
CUST-14627,32.0,9949902.0,2635371,15,2,6,3
CUST-29173,47.0,11248140.0,3092268,9,1,2,36
CUST-24995,38.0,19975467.0,13051751,35,1,8,29
CUST-56223,38.0,13919359.0,1944755,11,3,14,43
CUST-98151,34.0,13702894.0,3065615,18,1,9,35
CUST-66583,26.0,11785961.0,4859184,14,1,15,31
CUST-88768,21.0,6621158.0,490452,3,0,17,42
CUST-97985,20.0,4512493.0,527530,2,0,7,44
CUST-55619,48.0,9534227.0,3797905,13,2,15,37
CUST-71799,26.0,8026616.0,2246055,15,3,11,46
CUST-67980,45.0,11318843.0,3417577,14,1,13,32
CUST-48225,27.0,5846357.0,292003,3,0,6,24
CUST-13373,44.0,11980053.0,2200033,14,3,5,38
CUST-29520,25.0,4907179.0,277597,3,0,23,31
CUST-80744,46.0,9471926.0,2952137,12,2,16,18
CUST-53856,29.0,8597904.0,1616841,14,3,9,40
CUST-46683,48.0,13479380.0,2078641,16,3,12,38
CUST-21151,24.0,5802466.0,775887,2,0,23,39
CUST-77568,46.0,8768223.0,1609373,15,1,5,6
CUST-56151,46.0,13060795.0,3074745,13,3,25,13
CUST-85485,27.0,11411134.0,3926277,15,1,3,28
CUST-18263,43.0,11637967.0,3867893,13,3,25,6
CUST-19018,24.0,13991305.0,2372834,18,1,29,5
CUST-56675,46.0,10976030.0,3364445,12,2,7,22
CUST-28931,27.0,6588273.0,304720,4,0,13,17
CUST-81386,22.0,9230796.0,1613936,15,2,13,23
CUST-81128,29.0,10982202.0,4319182,18,1,29,16
CUST-76406,43.0,9278673.0,2474334,8,2,13,32
CUST-74093,35.0,13932125.0,1937585,18,1,21,17
CUST-88388,41.0,8475278.0,3430440,11,2,23,30
CUST-56922,41.0,10787976.0,2845205,8,3,2,16
CUST-67415,36.0,11602571.0,2637613,16,1,27,12
CUST-70006,29.0,10673705.0,3613213,10,3,11,31
CUST-67767,27.0,6728668.0,306548,1,0,23,6
CUST-35832,27.0,13923308.0,4449311,10,2,17,35
CUST-44642,45.0,11466032.0,2248692,10,2,7,28
CUST-85301,27.0,11288210.0,2216773,19,2,23,37
CUST-87475,21.0,4519385.0,483152,3,0,26,13
CUST-81762,44.0,28405288.0,12080291,47,1,26,35
CUST-86384,28.0,28109161.0,13828241,40,1,12,8
CUST-71576,19.0,5068965.0,275595,3,0,15,16
CUST-15698,25.0,6598262.0,352557,1,0,26,24
CUST-41954,31.0,10016328.0,2361465,11,2,3,24
CUST-93106,27.0,4544026.0,213776,3,0,12,41
CUST-88257,47.0,9390254.0,1768449,14,3,20,12
CUST-36177,24.0,4124591.0,692054,4,0,3,21
CUST-44812,38.0,8983667.0,4723253,12,2,1,38
CUST-35901,47.0,12784377.0,3092173,11,3,25,21
CUST-51430,47.0,8297584.0,2905802,19,3,4,27
CUST-52946,20.0,4854741.0,306486,4,0,8,10
CUST-96207,38.0,11018439.0,3128662,18,1,5,45
CUST-30316,32.0,21535223.0,8593786,37,1,5,9
CUST-15898,19.0,6514368.0,102866,2,0,28,44
CUST-79497,40.0,18503548.0,7646012,46,1,9,39
CUST-64710,22.0,6340086.0,232659,1,0,22,40
CUST-44217,18.0,4815864.0,279689,2,0,21,15
CUST-95678,23.0,5616482.0,147111,2,0,17,17
CUST-96444,34.0,11023504.0,4105221,8,2,6,35
CUST-59420,36.0,11981383.0,4886812,13,1,17,31
CUST-75942,24.0,12858939.0,3560293,12,2,25,34
CUST-40143,32.0,21434323.0,14410053,30,0,18,18
CUST-17566,46.0,12777421.0,1891180,14,3,19,43
CUST-50863,30.0,28330322.0,11343699,28,0,26,44
CUST-47663,18.0,5948010.0,543441,1,0,4,13
CUST-56799,35.0,11245988.0,4816591,11,3,28,16
CUST-23598,40.0,20749593.0,8008923,37,1,3,8
CUST-60113,32.0,10680990.0,1973288,14,1,8,7
CUST-29229,20.0,6786281.0,336495,3,0,10,38
CUST-47034,26.0,11107548.0,4793606,19,2,13,23
CUST-93973,23.0,6738669.0,676515,1,0,10,18
CUST-78207,47.0,9819231.0,2426921,11,2,24,3
CUST-53856,18.0,5743967.0,645726,4,0,9,19
CUST-93136,43.0,8490999.0,4689189,10,2,20,22
CUST-12123,27.0,5627650.0,375848,4,0,23,14
CUST-26508,38.0,12422888.0,3730038,17,3,15,5
CUST-99335,44.0,13058589.0,1797883,9,1,16,47
CUST-16782,27.0,4615416.0,261081,2,0,9,25
CUST-60772,41.0,11907297.0,4229737,10,3,21,22
CUST-49169,24.0,4128447.0,561693,4,0,12,42
CUST-83914,18.0,,292994,1,0,26,16
CUST-26459,39.0,20181930.0,14496110,39,1,28,13
CUST-14686,43.0,13282433.0,3055929,18,3,8,7
CUST-38202,41.0,30883239.0,13009723,36,0,17,17
CUST-25972,42.0,11053380.0,1811385,11,2,23,16
CUST-98860,28.0,10201580.0,3719187,19,1,3,15
CUST-63311,35.0,8120243.0,2507378,17,1,5,27
CUST-13969,21.0,6177304.0,563685,3,0,22,32
CUST-74140,26.0,13088181.0,3617475,10,3,11,29
CUST-67062,41.0,12976563.0,3168462,11,1,19,19
CUST-93231,41.0,10185454.0,3567790,16,1,4,18
CUST-54331,38.0,19722340.0,12793721,28,0,2,13
CUST-87986,27.0,4600198.0,497891,3,0,25,21
CUST-11161,20.0,5835295.0,122337,3,0,2,2
CUST-13178,38.0,11053407.0,2917231,14,1,24,1
CUST-68251,31.0,21999366.0,9471321,39,1,17,33
CUST-31889,22.0,13730267.0,4274196,17,3,10,24
CUST-56250,40.0,12102553.0,4600618,15,2,11,45
CUST-13009,30.0,34794409.0,10885850,41,1,17,16
CUST-43065,33.0,26898651.0,11308760,34,1,8,33
CUST-50469,30.0,12639022.0,3101956,13,1,25,20
CUST-15543,26.0,6140321.0,541503,2,0,9,12
CUST-96803,37.0,29919519.0,7502264,26,1,7,2
CUST-36270,49.0,11517847.0,3267413,18,2,25,14
CUST-26663,36.0,8944740.0,4546555,11,1,21,10
CUST-30811,26.0,13594769.0,3787319,9,2,22,6
CUST-86623,21.0,5186837.0,442221,3,0,29,36
CUST-27046,22.0,13173395.0,4129137,13,3,13,16
CUST-95709,25.0,11861607.0,4454701,14,3,6,12
CUST-91422,34.0,13693014.0,3288220,14,2,12,17
CUST-66063,19.0,6834803.0,647670,4,0,27,14
CUST-91845,28.0,20152030.0,8979746,41,1,23,32
