order_id,product_name
ORD-788499,Phone Case
ORD-788499,TWS Earbuds
ORD-788499,Screen Protector
ORD-788499,Smartphone
ORD-633090,Phone Case
ORD-633090,Smartphone
ORD-915518,Wireless Mouse
ORD-915518,Mechanical Keyboard
ORD-915518,Laptop
ORD-283163,Smartwatch
ORD-371409,TWS Earbuds
ORD-371409,Mechanical Keyboard
ORD-901818,Wireless Mouse
ORD-901818,Laptop
ORD-221635,Phone Case
ORD-221635,Screen Protector
ORD-153634,Phone Case
ORD-153634,Mechanical Keyboard
ORD-153634,Smartwatch
ORD-592503,Wireless Mouse
ORD-592503,Laptop
ORD-928416,Phone Case
ORD-928416,Smartphone
ORD-518680,Wireless Mouse
ORD-518680,Laptop
ORD-742974,Phone Case
ORD-742974,TWS Earbuds
ORD-742974,Screen Protector
ORD-742974,Smartphone
ORD-655393,Phone Case
ORD-655393,Smartphone
ORD-989171,Phone Case
ORD-989171,Screen Protector
ORD-989171,Smartphone
ORD-381209,Phone Case
ORD-381209,TWS Earbuds
ORD-381209,Screen Protector
ORD-381209,Smartphone
ORD-787235,Phone Case
ORD-787235,Screen Protector
ORD-787235,Smartphone
ORD-935544,Phone Case
ORD-935544,Screen Protector
ORD-935544,Smartphone
ORD-979780,Phone Case
ORD-979780,Smartphone
ORD-987395,Phone Case
ORD-987395,Screen Protector
ORD-987395,Smartphone
ORD-486486,Wireless Mouse
ORD-486486,Mechanical Keyboard
ORD-486486,Laptop
ORD-516704,Phone Case
ORD-516704,TWS Earbuds
ORD-516704,Smartphone
ORD-100215,Laptop
ORD-634633,Phone Case
ORD-634633,Screen Protector
ORD-634633,Smartphone
ORD-613622,Phone Case
ORD-613622,Screen Protector
ORD-613622,Smartphone
ORD-999084,Wireless Mouse
ORD-999084,Laptop
ORD-313286,Wireless Mouse
ORD-313286,Mechanical Keyboard
ORD-313286,Laptop
ORD-723090,Phone Case
ORD-723090,TWS Earbuds
ORD-723090,Screen Protector
ORD-723090,Smartphone
ORD-404962,Wireless Mouse
ORD-404962,Laptop
ORD-441609,Mechanical Keyboard
ORD-441609,Smartphone
ORD-399477,Phone Case
ORD-399477,TWS Earbuds
ORD-566995,Wireless Mouse
ORD-566995,Mechanical Keyboard
ORD-566995,Laptop
ORD-617965,Mechanical Keyboard
ORD-617965,Laptop
ORD-192850,Screen Protector
ORD-192850,Smartphone
ORD-570949,Wireless Mouse
ORD-570949,Mechanical Keyboard
ORD-570949,Laptop
ORD-554598,Phone Case
ORD-554598,Smartphone
ORD-656862,TWS Earbuds
ORD-656862,Smartphone
ORD-840885,Phone Case
ORD-840885,Screen Protector
ORD-840885,Smartphone
ORD-259132,TWS Earbuds
ORD-259132,Mechanical Keyboard
ORD-856265,Mechanical Keyboard
ORD-782385,Wireless Mouse
ORD-782385,Laptop
ORD-854981,TWS Earbuds
ORD-854981,Laptop
ORD-255063,Wireless Mouse
ORD-255063,Mechanical Keyboard
ORD-255063,Laptop
ORD-573656,Wireless Mouse
ORD-573656,Laptop
ORD-981459,Wireless Mouse
ORD-981459,Laptop
ORD-679802,Phone Case
ORD-679802,TWS Earbuds
ORD-679802,Smartphone
ORD-294215,Phone Case
ORD-294215,TWS Earbuds
ORD-294215,Smartphone
ORD-204127,Wireless Mouse
ORD-204127,Mechanical Keyboard
ORD-204127,Laptop
ORD-292376,Wireless Mouse
ORD-447526,Laptop
ORD-447526,Smartwatch
ORD-447526,Smartphone
ORD-143459,Phone Case
ORD-143459,Screen Protector
ORD-143459,Smartphone
ORD-463154,Wireless Mouse
ORD-463154,Laptop
ORD-835716,Wireless Mouse
ORD-835716,Laptop
ORD-239392,Wireless Mouse
ORD-239392,Laptop
ORD-786290,Laptop
ORD-680118,Wireless Mouse
ORD-680118,Laptop
ORD-673466,Wireless Mouse
ORD-673466,Laptop
ORD-714966,Wireless Mouse
ORD-714966,Mechanical Keyboard
ORD-714966,Laptop
ORD-725732,Screen Protector
ORD-633285,Phone Case
ORD-633285,Screen Protector
ORD-633285,Smartphone
ORD-665148,Powerbank
ORD-665148,Laptop
ORD-987196,Wireless Mouse
ORD-987196,Mechanical Keyboard
ORD-987196,Laptop
ORD-581862,Wireless Mouse
ORD-581862,Laptop
ORD-913087,Screen Protector
ORD-913087,Smartwatch
ORD-103114,TWS Earbuds
ORD-103114,Powerbank
ORD-410272,Phone Case
ORD-397542,Phone Case
ORD-397542,Screen Protector
ORD-397542,Smartphone
ORD-286493,Wireless Mouse
ORD-286493,Mechanical Keyboard
ORD-286493,Laptop
ORD-900562,Phone Case
ORD-900562,Screen Protector
ORD-900562,Smartphone
ORD-292319,Phone Case
ORD-292319,TWS Earbuds
ORD-292319,Screen Protector
ORD-292319,Smartphone
ORD-317726,Wireless Mouse
ORD-317726,Laptop
ORD-238454,Wireless Mouse
ORD-238454,Laptop
ORD-696682,Laptop
ORD-774932,Wireless Mouse
ORD-774932,Laptop
ORD-210957,Wireless Mouse
ORD-210957,Laptop
ORD-913051,Screen Protector
ORD-913051,Smartphone
ORD-785328,Wireless Mouse
ORD-785328,Laptop
ORD-299316,Phone Case
ORD-299316,TWS Earbuds
ORD-299316,Screen Protector
ORD-299316,Smartphone
ORD-681484,Wireless Mouse
ORD-681484,Laptop
ORD-965361,Phone Case
ORD-965361,TWS Earbuds
ORD-965361,Smartphone
ORD-779249,Phone Case
ORD-779249,Screen Protector
ORD-779249,Smartphone
ORD-253706,Phone Case
ORD-253706,Laptop
ORD-253706,Smartphone
ORD-389014,Phone Case
ORD-389014,Screen Protector
ORD-389014,Smartphone
ORD-179795,Mechanical Keyboard
ORD-179795,Powerbank
ORD-636667,Wireless Mouse
ORD-636667,Laptop
ORD-635337,Phone Case
ORD-635337,Screen Protector
ORD-635337,Smartphone
ORD-786059,Smartwatch
ORD-778960,Phone Case
ORD-778960,TWS Earbuds
ORD-778960,Screen Protector
ORD-778960,Smartphone
ORD-841063,Wireless Mouse
ORD-841063,Smartphone
ORD-325687,Phone Case
ORD-325687,Screen Protector
ORD-325687,Smartphone
ORD-129813,Phone Case
ORD-129813,Screen Protector
ORD-129813,Smartphone
ORD-373541,Wireless Mouse
ORD-373541,Laptop
ORD-666605,Mechanical Keyboard
ORD-988921,Phone Case
ORD-988921,Laptop
ORD-870348,Wireless Mouse
ORD-870348,Mechanical Keyboard
ORD-870348,Laptop
ORD-558819,Phone Case
ORD-558819,Laptop
ORD-558819,Smartwatch
ORD-564432,Phone Case
ORD-564432,TWS Earbuds
ORD-564432,Screen Protector
ORD-564432,Smartphone
ORD-135709,Wireless Mouse
ORD-135709,Mechanical Keyboard
ORD-135709,Laptop
ORD-329167,Wireless Mouse
ORD-329167,Laptop
ORD-807788,Laptop
ORD-892879,Powerbank
ORD-760354,Wireless Mouse
ORD-760354,Mechanical Keyboard
ORD-760354,Laptop
ORD-453791,Phone Case
ORD-453791,TWS Earbuds
ORD-216220,Wireless Mouse
ORD-216220,Laptop
ORD-103089,Mechanical Keyboard
ORD-103089,Laptop
ORD-720253,TWS Earbuds
ORD-720253,Smartphone
ORD-789925,Phone Case
ORD-789925,TWS Earbuds
ORD-789925,Screen Protector
ORD-789925,Smartphone
ORD-253956,Smartwatch
ORD-996068,Phone Case
ORD-996068,TWS Earbuds
ORD-996068,Laptop
ORD-833375,Phone Case
ORD-833375,Screen Protector
ORD-833375,Laptop
ORD-622820,Wireless Mouse
ORD-622820,Powerbank
ORD-922564,Screen Protector
ORD-297780,Phone Case
ORD-297780,Smartphone
ORD-501954,Phone Case
ORD-501954,Screen Protector
ORD-501954,Smartphone
ORD-910486,Mechanical Keyboard
ORD-910486,Powerbank
ORD-896790,Wireless Mouse
ORD-896790,Laptop
ORD-364080,Wireless Mouse
ORD-364080,Mechanical Keyboard
ORD-364080,Laptop
ORD-879110,Phone Case
ORD-879110,Screen Protector
ORD-879110,Smartphone
ORD-128885,Wireless Mouse
ORD-128885,Laptop
ORD-121584,Phone Case
ORD-121584,TWS Earbuds
ORD-121584,Screen Protector
ORD-121584,Smartphone
ORD-880594,Wireless Mouse
ORD-880594,Laptop
ORD-558168,TWS Earbuds
ORD-558168,Powerbank
ORD-558168,Smartwatch
ORD-850593,Phone Case
ORD-298153,Wireless Mouse
ORD-298153,Laptop
ORD-503708,Phone Case
ORD-503708,Smartphone
ORD-895477,Wireless Mouse
ORD-895477,Mechanical Keyboard
ORD-895477,Laptop
ORD-696822,Phone Case
ORD-696822,TWS Earbuds
ORD-696822,Smartphone
ORD-113440,Screen Protector
ORD-785611,Wireless Mouse
ORD-785611,Laptop
ORD-272409,Wireless Mouse
ORD-272409,Mechanical Keyboard
ORD-272409,Laptop
ORD-764471,Wireless Mouse
ORD-764471,Mechanical Keyboard
ORD-764471,Laptop
ORD-738071,TWS Earbuds
ORD-738071,Mechanical Keyboard
ORD-527991,Phone Case
ORD-527991,Screen Protector
ORD-527991,Smartphone
ORD-401407,Phone Case
ORD-401407,Smartphone
ORD-926547,Wireless Mouse
ORD-926547,Laptop
ORD-399850,Laptop
ORD-990936,Wireless Mouse
ORD-990936,Screen Protector
ORD-764006,Wireless Mouse
ORD-764006,Mechanical Keyboard
ORD-764006,Laptop
ORD-648065,Phone Case
ORD-648065,Screen Protector
ORD-648065,Smartphone
ORD-123548,Smartwatch
ORD-123548,Laptop
ORD-123548,Powerbank
ORD-237799,Wireless Mouse
ORD-237799,Laptop
ORD-534352,Phone Case
ORD-534352,Screen Protector
ORD-534352,Smartphone
ORD-545625,TWS Earbuds
ORD-545625,Mechanical Keyboard
ORD-882119,Wireless Mouse
ORD-882119,Mechanical Keyboard
ORD-882119,Laptop
ORD-459698,Phone Case
ORD-459698,Screen Protector
ORD-459698,Smartphone
ORD-823776,Wireless Mouse
ORD-823776,Laptop
ORD-972504,Laptop
ORD-547746,Phone Case
ORD-547746,Smartphone
ORD-365470,Wireless Mouse
ORD-365470,Laptop
ORD-241900,Mechanical Keyboard
ORD-241900,Laptop
ORD-931769,Phone Case
ORD-931769,Smartphone
ORD-866887,Wireless Mouse
ORD-866887,Laptop
ORD-955012,Wireless Mouse
ORD-955012,Laptop
ORD-892244,Phone Case
ORD-892244,Screen Protector
ORD-892244,Smartphone
ORD-680222,Wireless Mouse
ORD-680222,Laptop
ORD-894878,Phone Case
ORD-894878,Powerbank
ORD-894878,Smartphone
ORD-946533,Smartphone
ORD-742710,Phone Case
ORD-742710,TWS Earbuds
ORD-742710,Screen Protector
ORD-742710,Smartphone
ORD-535686,Phone Case
ORD-535686,Screen Protector
ORD-535686,Smartphone
ORD-156116,Phone Case
ORD-156116,TWS Earbuds
ORD-156116,Screen Protector
ORD-156116,Smartphone
ORD-120836,Laptop
ORD-243029,Screen Protector
ORD-243029,TWS Earbuds
ORD-243029,Smartphone
ORD-782465,Powerbank
ORD-445452,Wireless Mouse
ORD-445452,Laptop
ORD-856547,Wireless Mouse
ORD-856547,Mechanical Keyboard
ORD-856547,Laptop
ORD-977311,Phone Case
ORD-977311,TWS Earbuds
ORD-977311,Screen Protector
ORD-977311,Smartphone
ORD-729112,Smartwatch
ORD-729112,Laptop
ORD-118830,Phone Case
ORD-118830,TWS Earbuds
ORD-993941,Phone Case
ORD-993941,Screen Protector
ORD-993941,Smartphone
ORD-604655,TWS Earbuds
ORD-604655,Powerbank
ORD-739548,Phone Case
ORD-739548,Screen Protector
ORD-739548,Smartphone
ORD-308886,Phone Case
ORD-308886,Screen Protector
ORD-308886,Smartphone
ORD-345160,Wireless Mouse
ORD-345160,Laptop
ORD-583761,Wireless Mouse
ORD-565483,Wireless Mouse
ORD-565483,Laptop
ORD-419248,Phone Case
ORD-419248,Screen Protector
ORD-419248,Smartphone
ORD-498167,Phone Case
ORD-498167,Smartwatch
ORD-498167,Screen Protector
ORD-383817,TWS Earbuds
ORD-383817,Smartwatch
ORD-909253,Wireless Mouse
ORD-909253,Laptop
ORD-488227,Mechanical Keyboard
ORD-488227,Laptop
ORD-701648,Phone Case
ORD-701648,Screen Protector
ORD-701648,Smartphone
ORD-404094,TWS Earbuds
ORD-404094,Powerbank
ORD-472078,Wireless Mouse
ORD-472078,Screen Protector
ORD-472078,Smartphone
ORD-726614,Phone Case
ORD-726614,Wireless Mouse
ORD-726614,Smartphone
ORD-565806,Phone Case
ORD-565806,TWS Earbuds
ORD-565806,Screen Protector
ORD-565806,Smartphone
ORD-377483,Laptop
ORD-377483,Screen Protector
ORD-596753,Wireless Mouse
ORD-596753,Mechanical Keyboard
ORD-596753,Laptop
ORD-711796,Phone Case
ORD-711796,Screen Protector
ORD-711796,Smartphone
ORD-140633,Phone Case
ORD-140633,TWS Earbuds
ORD-140633,Laptop
ORD-407124,Wireless Mouse
ORD-407124,Smartwatch
ORD-811323,Mechanical Keyboard
ORD-811323,Smartphone
ORD-811323,Powerbank
ORD-952370,Phone Case
ORD-952370,TWS Earbuds
ORD-952370,Screen Protector
ORD-952370,Smartphone
ORD-127043,Wireless Mouse
ORD-127043,Laptop
ORD-901798,Phone Case
ORD-139236,Phone Case
ORD-139236,TWS Earbuds
ORD-139236,Screen Protector
ORD-139236,Smartphone
ORD-905855,Mechanical Keyboard
ORD-905855,Smartwatch
ORD-275993,Wireless Mouse
ORD-275993,Laptop
ORD-310047,Wireless Mouse
ORD-310047,Laptop
ORD-163879,Powerbank
ORD-337268,Phone Case
ORD-337268,Screen Protector
ORD-337268,Smartphone
ORD-921726,Screen Protector
ORD-921726,Smartphone
ORD-820177,Phone Case
ORD-820177,Screen Protector
ORD-820177,Smartphone
ORD-103626,Phone Case
ORD-103626,Screen Protector
ORD-103626,Smartphone
ORD-847320,Phone Case
ORD-847320,Screen Protector
ORD-847320,Smartphone
ORD-562927,Phone Case
ORD-562927,TWS Earbuds
ORD-562927,Screen Protector
ORD-562927,Smartphone
ORD-657749,Wireless Mouse
ORD-657749,Laptop
ORD-441701,Phone Case
ORD-441701,Smartphone
ORD-248866,Phone Case
ORD-248866,TWS Earbuds
ORD-248866,Screen Protector
ORD-248866,Smartphone
ORD-191288,Wireless Mouse
ORD-191288,Laptop
ORD-985733,Phone Case
ORD-351063,Phone Case
ORD-351063,Screen Protector
ORD-351063,Smartphone
ORD-473957,Phone Case
ORD-473957,Laptop
ORD-473957,Smartwatch
ORD-328300,Wireless Mouse
ORD-647026,Phone Case
ORD-647026,TWS Earbuds
ORD-647026,Smartphone
ORD-403806,Smartwatch
ORD-403806,Smartphone
ORD-256688,Wireless Mouse
ORD-256688,Laptop
ORD-976801,Mechanical Keyboard
ORD-976801,Screen Protector
ORD-976801,Smartwatch
ORD-262403,Phone Case
ORD-262403,Smartwatch
ORD-131556,Mechanical Keyboard
ORD-777236,TWS Earbuds
ORD-777236,Screen Protector
ORD-648387,Wireless Mouse
ORD-648387,Laptop
ORD-278371,Smartphone
ORD-230193,Phone Case
ORD-230193,Screen Protector
ORD-230193,Smartphone
ORD-633008,Wireless Mouse
ORD-633008,Mechanical Keyboard
ORD-633008,Laptop
ORD-250862,Wireless Mouse
ORD-250862,Laptop
ORD-413045,Phone Case
ORD-413045,TWS Earbuds
ORD-413045,Screen Protector
ORD-413045,Smartphone
ORD-490508,Powerbank
ORD-490508,Screen Protector
ORD-490508,Smartwatch
ORD-331226,Phone Case
ORD-331226,Screen Protector
ORD-331226,Smartphone
ORD-405007,Wireless Mouse
ORD-405007,Laptop
ORD-312986,Mechanical Keyboard
ORD-312986,Laptop
ORD-592508,Mechanical Keyboard
ORD-449345,Wireless Mouse
ORD-449345,Laptop
ORD-378011,Powerbank
ORD-378011,Smartphone
ORD-745832,Wireless Mouse
ORD-745832,Laptop
ORD-350449,Laptop
ORD-442424,Phone Case
ORD-442424,TWS Earbuds
ORD-442424,Screen Protector
ORD-442424,Smartphone
ORD-258998,Wireless Mouse
ORD-258998,Mechanical Keyboard
ORD-258998,Laptop
ORD-966304,Smartphone
ORD-367614,Wireless Mouse
ORD-715781,Wireless Mouse
ORD-715781,Laptop
ORD-393313,Phone Case
ORD-393313,Smartphone
ORD-954032,Wireless Mouse
ORD-954032,Mechanical Keyboard
ORD-954032,Laptop
ORD-197064,Powerbank
ORD-197064,Smartwatch
ORD-730011,Phone Case
ORD-730011,TWS Earbuds
ORD-730011,Smartphone
ORD-929414,Phone Case
ORD-929414,Mechanical Keyboard
ORD-929414,Powerbank
ORD-657765,Phone Case
ORD-657765,Wireless Mouse
ORD-239133,Wireless Mouse
ORD-239133,Mechanical Keyboard
ORD-239133,Laptop
ORD-370001,Wireless Mouse
ORD-370001,Laptop
ORD-882409,Phone Case
ORD-882409,Screen Protector
ORD-882409,Smartphone
ORD-444572,Phone Case
ORD-444572,Mechanical Keyboard
ORD-444572,Screen Protector
ORD-766627,Phone Case
ORD-766627,Screen Protector
ORD-766627,Smartphone
ORD-804133,Wireless Mouse
ORD-804133,Laptop
ORD-847465,Wireless Mouse
ORD-693411,Phone Case
ORD-693411,Screen Protector
ORD-693411,Smartphone
ORD-481186,Wireless Mouse
ORD-481186,Mechanical Keyboard
ORD-481186,Screen Protector
ORD-385291,Phone Case
ORD-385291,Screen Protector
ORD-385291,Smartphone
ORD-342330,Phone Case
ORD-342330,TWS Earbuds
ORD-342330,Screen Protector
ORD-342330,Smartphone
ORD-591874,Wireless Mouse
ORD-591874,Laptop
ORD-244179,Phone Case
ORD-244179,Smartphone
ORD-667769,Phone Case
ORD-667769,Mechanical Keyboard
ORD-667769,Laptop
ORD-848987,Wireless Mouse
ORD-848987,Mechanical Keyboard
ORD-848987,Laptop
ORD-373958,Wireless Mouse
ORD-373958,Mechanical Keyboard
ORD-373958,Laptop
ORD-355095,Phone Case
ORD-355095,Screen Protector
ORD-355095,Smartphone
ORD-758767,Wireless Mouse
ORD-758767,Mechanical Keyboard
ORD-758767,Laptop
ORD-306717,Screen Protector
ORD-306717,Smartphone
ORD-126505,Mechanical Keyboard
ORD-926954,Wireless Mouse
ORD-926954,Laptop
ORD-667827,Phone Case
ORD-667827,Screen Protector
ORD-667827,Smartphone
ORD-543942,Screen Protector
ORD-543942,Smartphone
ORD-153997,Phone Case
ORD-153997,Smartphone
ORD-943352,Wireless Mouse
ORD-943352,Mechanical Keyboard
ORD-943352,Laptop
ORD-513532,TWS Earbuds
ORD-519972,Phone Case
ORD-519972,TWS Earbuds
ORD-519972,Screen Protector
ORD-519972,Smartphone
ORD-301893,Laptop
ORD-301893,Smartwatch
ORD-850046,Laptop
ORD-211915,Wireless Mouse
ORD-211915,Laptop
ORD-418821,Wireless Mouse
ORD-418821,Laptop
ORD-849211,Wireless Mouse
ORD-849211,Powerbank
ORD-196058,Wireless Mouse
ORD-196058,Laptop
ORD-435639,Phone Case
ORD-435639,TWS Earbuds
ORD-435639,Screen Protector
ORD-435639,Smartphone
ORD-765727,Smartphone
ORD-264404,Wireless Mouse
ORD-264404,Mechanical Keyboard
ORD-579702,Phone Case
ORD-579702,TWS Earbuds
ORD-803023,Wireless Mouse
ORD-803023,Laptop
ORD-445992,Phone Case
ORD-445992,TWS Earbuds
ORD-445992,Screen Protector
ORD-672285,Phone Case
ORD-672285,Smartphone
ORD-135187,Smartphone
ORD-757253,Mechanical Keyboard
ORD-877766,Laptop
ORD-168653,TWS Earbuds
ORD-168653,Mechanical Keyboard
ORD-399345,Mechanical Keyboard
ORD-399345,Laptop
ORD-387166,Smartphone
ORD-274750,Phone Case
ORD-274750,Mechanical Keyboard
ORD-274750,Smartphone
ORD-948152,Phone Case
ORD-757346,Powerbank
ORD-757346,Smartphone
ORD-505377,Phone Case
ORD-505377,TWS Earbuds
ORD-505377,Screen Protector
ORD-461417,Laptop
ORD-541758,Phone Case
ORD-541758,TWS Earbuds
ORD-541758,Screen Protector
ORD-541758,Smartphone
ORD-454388,Wireless Mouse
ORD-454388,Laptop
ORD-914468,Phone Case
ORD-914468,TWS Earbuds
ORD-914468,Screen Protector
ORD-914468,Smartphone
ORD-406521,Wireless Mouse
ORD-406521,Mechanical Keyboard
ORD-406521,Laptop
ORD-246692,Wireless Mouse
ORD-246692,Laptop
ORD-955695,Wireless Mouse
ORD-955695,Laptop
ORD-763759,Phone Case
ORD-763759,TWS Earbuds
ORD-763759,Screen Protector
ORD-763759,Smartphone
ORD-378676,TWS Earbuds
ORD-378676,Wireless Mouse
ORD-378676,Smartwatch
ORD-212313,Wireless Mouse
ORD-212313,Mechanical Keyboard
ORD-212313,Laptop
ORD-818730,Wireless Mouse
ORD-818730,Mechanical Keyboard
ORD-818730,Laptop
ORD-916117,Phone Case
ORD-916117,Smartphone
ORD-207967,Screen Protector
ORD-936188,Wireless Mouse
ORD-936188,Mechanical Keyboard
ORD-936188,Laptop
ORD-386287,Screen Protector
ORD-386287,Smartphone
ORD-169351,Phone Case
ORD-169351,Smartphone
ORD-786093,Smartphone
ORD-284535,Phone Case
ORD-284535,Screen Protector
ORD-284535,Smartphone
ORD-914299,Screen Protector
ORD-914299,Smartphone
ORD-881700,Wireless Mouse
ORD-673722,Wireless Mouse
ORD-673722,Laptop
ORD-966164,Mechanical Keyboard
ORD-966164,Laptop
ORD-181494,TWS Earbuds
ORD-965404,Wireless Mouse
ORD-965404,Laptop
ORD-715036,Wireless Mouse
ORD-715036,Laptop
ORD-753817,Wireless Mouse
ORD-753817,Mechanical Keyboard
ORD-753817,Laptop
ORD-985540,Wireless Mouse
ORD-985540,Laptop
ORD-636512,TWS Earbuds
ORD-964360,Phone Case
ORD-964360,TWS Earbuds
ORD-964360,Smartphone
ORD-366285,Phone Case
ORD-366285,Mechanical Keyboard
ORD-366285,Powerbank
ORD-957303,TWS Earbuds
ORD-957303,Powerbank
ORD-957303,Laptop
ORD-856556,Wireless Mouse
ORD-856556,Laptop
ORD-593027,Screen Protector
ORD-593027,TWS Earbuds
ORD-593027,Smartphone
ORD-982930,Laptop
ORD-923265,Wireless Mouse
ORD-923265,Laptop
ORD-910830,Wireless Mouse
ORD-951426,Wireless Mouse
ORD-951426,Laptop
ORD-340617,Phone Case
ORD-340617,Screen Protector
ORD-340617,Smartphone
ORD-128930,Wireless Mouse
ORD-128930,Laptop
ORD-373945,Smartphone
ORD-307302,Phone Case
ORD-307302,TWS Earbuds
ORD-307302,Screen Protector
ORD-307302,Smartphone
ORD-674796,Wireless Mouse
ORD-674796,Laptop
ORD-396952,Phone Case
ORD-396952,TWS Earbuds
ORD-396952,Smartphone
ORD-683247,Phone Case
ORD-710610,Wireless Mouse
ORD-710610,Laptop
ORD-851972,Wireless Mouse
ORD-851972,Mechanical Keyboard
ORD-851972,Laptop
ORD-697457,Phone Case
ORD-697457,Smartphone
ORD-724705,Laptop
ORD-907733,Phone Case
ORD-907733,Smartphone
ORD-792894,Wireless Mouse
ORD-792894,Mechanical Keyboard
ORD-792894,Laptop
ORD-826989,Smartphone
ORD-550400,Phone Case
ORD-550400,Screen Protector
ORD-550400,Smartphone
ORD-766470,Powerbank
ORD-766470,Laptop
ORD-510354,Wireless Mouse
ORD-510354,Mechanical Keyboard
ORD-510354,Laptop
ORD-186155,Phone Case
ORD-186155,Screen Protector
ORD-186155,Smartphone
ORD-816112,Phone Case
ORD-816112,Screen Protector
ORD-816112,Smartphone
ORD-948964,Wireless Mouse
ORD-948964,Mechanical Keyboard
ORD-948964,Laptop
ORD-945457,Phone Case
ORD-945457,Screen Protector
ORD-945457,Smartphone
ORD-776760,Phone Case
ORD-776760,Smartphone
ORD-743703,Phone Case
ORD-743703,TWS Earbuds
ORD-290545,Laptop
ORD-821615,Mechanical Keyboard
ORD-821615,Laptop
ORD-388642,TWS Earbuds
ORD-388642,Mechanical Keyboard
ORD-513757,Wireless Mouse
ORD-513757,Mechanical Keyboard
ORD-703857,Laptop
ORD-455288,Wireless Mouse
ORD-455288,Mechanical Keyboard
ORD-455288,Laptop
ORD-600827,Phone Case
ORD-600827,Screen Protector
ORD-600827,Smartphone
ORD-998628,Screen Protector
ORD-998628,Smartphone
ORD-764607,Screen Protector
ORD-262434,Phone Case
ORD-262434,Smartphone
ORD-892473,Wireless Mouse
ORD-892473,Laptop
ORD-724152,Wireless Mouse
ORD-724152,Mechanical Keyboard
ORD-724152,Laptop
ORD-508294,Laptop
ORD-739446,TWS Earbuds
ORD-739446,Smartwatch
ORD-739446,Screen Protector
ORD-882366,Smartphone
ORD-339967,Phone Case
ORD-339967,TWS Earbuds
ORD-936713,Wireless Mouse
ORD-936713,Laptop
ORD-667256,Wireless Mouse
ORD-667256,Laptop
ORD-985621,Wireless Mouse
ORD-985621,Laptop
ORD-661548,Phone Case
ORD-661548,Wireless Mouse
ORD-661548,Smartphone
ORD-804824,Mechanical Keyboard
ORD-804824,Smartphone
ORD-782171,Wireless Mouse
ORD-782171,Laptop
ORD-568451,Wireless Mouse
ORD-568451,Mechanical Keyboard
ORD-568451,Laptop
ORD-610609,Wireless Mouse
ORD-610609,Mechanical Keyboard
ORD-610609,Laptop
ORD-292180,Phone Case
ORD-292180,Smartphone
ORD-447761,Phone Case
ORD-447761,TWS Earbuds
ORD-741404,TWS Earbuds
ORD-741404,Laptop
ORD-741404,Screen Protector
ORD-224232,Wireless Mouse
ORD-224232,Laptop
ORD-240562,Wireless Mouse
ORD-883258,Phone Case
ORD-883258,Smartphone
ORD-812625,Wireless Mouse
ORD-812625,Laptop
ORD-140736,Wireless Mouse
ORD-140736,Mechanical Keyboard
ORD-140736,Laptop
ORD-278130,TWS Earbuds
ORD-399531,Phone Case
ORD-399531,Screen Protector
ORD-399531,Smartphone
ORD-791150,Phone Case
ORD-791150,Smartphone
ORD-765329,Screen Protector
ORD-765329,Smartphone
ORD-972089,Phone Case
ORD-972089,TWS Earbuds
ORD-972089,Screen Protector
ORD-972089,Smartphone
ORD-769745,Phone Case
ORD-769745,TWS Earbuds
ORD-769745,Screen Protector
ORD-769745,Smartphone
ORD-367688,Laptop
ORD-512857,Laptop
ORD-150713,Wireless Mouse
ORD-150713,Laptop
ORD-628269,Phone Case
ORD-628269,Laptop
ORD-628269,Smartphone
ORD-195335,Wireless Mouse
ORD-195335,Laptop
ORD-756884,Wireless Mouse
ORD-756884,Laptop
ORD-191656,TWS Earbuds
ORD-191656,Laptop
ORD-191656,Smartphone
ORD-533048,Wireless Mouse
ORD-533048,Smartwatch
ORD-755337,Phone Case
ORD-755337,Screen Protector
ORD-755337,Smartphone
ORD-586134,Laptop
ORD-586134,Smartwatch
ORD-334955,Phone Case
ORD-334955,Screen Protector
ORD-334955,Smartphone
ORD-907040,Phone Case
ORD-907040,Screen Protector
ORD-907040,Smartphone
ORD-446140,Phone Case
ORD-446140,Wireless Mouse
ORD-446140,Mechanical Keyboard
ORD-150468,Laptop
ORD-718634,Phone Case
ORD-718634,Screen Protector
ORD-718634,Smartphone
ORD-817997,TWS Earbuds
ORD-817997,Smartwatch
ORD-934089,Phone Case
ORD-934089,Screen Protector
ORD-934089,Smartphone
ORD-175839,Screen Protector
ORD-175839,TWS Earbuds
ORD-175839,Smartphone
ORD-349495,TWS Earbuds
ORD-349495,Smartphone
ORD-421701,Mechanical Keyboard
ORD-421701,Smartphone
ORD-632249,Wireless Mouse
ORD-632249,Powerbank
ORD-632249,Smartphone
ORD-885216,Phone Case
ORD-885216,Screen Protector
ORD-885216,Smartphone
ORD-959734,Phone Case
ORD-959734,Screen Protector
ORD-959734,Smartphone
ORD-561823,Phone Case
ORD-561823,TWS Earbuds
ORD-561823,Screen Protector
ORD-561823,Smartphone
ORD-244258,Phone Case
ORD-244258,Screen Protector
ORD-244258,Smartphone
ORD-249805,Wireless Mouse
ORD-249805,Screen Protector
ORD-969460,Wireless Mouse
ORD-969460,Laptop
ORD-338178,Smartphone
ORD-334433,Mechanical Keyboard
ORD-548934,Phone Case
ORD-501339,Wireless Mouse
ORD-501339,Mechanical Keyboard
ORD-501339,Laptop
ORD-523041,Phone Case
ORD-523041,Smartwatch
ORD-523041,Screen Protector
ORD-623321,Smartphone
ORD-230364,Phone Case
ORD-230364,TWS Earbuds
ORD-230364,Screen Protector
ORD-230364,Smartphone
ORD-797976,Wireless Mouse
ORD-797976,Laptop
ORD-373120,Wireless Mouse
ORD-373120,Laptop
ORD-317912,Phone Case
ORD-317912,Screen Protector
ORD-317912,Smartphone
ORD-335851,Phone Case
ORD-335851,TWS Earbuds
ORD-335851,Wireless Mouse
ORD-207724,Mechanical Keyboard
ORD-207724,Laptop
ORD-789566,Phone Case
ORD-789566,TWS Earbuds
ORD-789566,Screen Protector
ORD-789566,Smartphone
ORD-274001,Phone Case
ORD-274001,Screen Protector
ORD-274001,Smartphone
ORD-697993,Wireless Mouse
ORD-697993,Laptop
ORD-600653,Phone Case
ORD-465543,Wireless Mouse
ORD-465543,Mechanical Keyboard
ORD-465543,Laptop
ORD-684379,Mechanical Keyboard
ORD-684379,Laptop
ORD-305603,TWS Earbuds
ORD-305603,Smartphone
ORD-713655,Phone Case
ORD-713655,TWS Earbuds
ORD-713655,Screen Protector
ORD-713655,Smartphone
ORD-398073,Mechanical Keyboard
ORD-398073,Laptop
ORD-755313,Phone Case
ORD-755313,Screen Protector
ORD-755313,Smartphone
ORD-838456,Phone Case
ORD-838456,Smartphone
ORD-290861,Phone Case
ORD-290861,TWS Earbuds
ORD-290861,Screen Protector
ORD-290861,Smartphone
ORD-299121,Phone Case
ORD-299121,Screen Protector
ORD-299121,Smartphone
ORD-552333,Phone Case
ORD-552333,Laptop
ORD-179888,Phone Case
ORD-179888,Screen Protector
ORD-179888,Smartphone
ORD-718821,Mechanical Keyboard
ORD-718821,Screen Protector
ORD-718821,Powerbank
ORD-848065,TWS Earbuds
ORD-821754,Phone Case
ORD-821754,TWS Earbuds
ORD-821754,Screen Protector
ORD-821754,Smartphone
ORD-144912,Wireless Mouse
ORD-144912,Laptop
ORD-801433,TWS Earbuds
ORD-801433,Powerbank
ORD-801433,Screen Protector
ORD-898385,Wireless Mouse
ORD-898385,Laptop
ORD-568255,Laptop
ORD-986408,Phone Case
ORD-986408,TWS Earbuds
ORD-986408,Screen Protector
ORD-986408,Smartphone
ORD-572032,Screen Protector
ORD-572032,TWS Earbuds
ORD-572032,Smartphone
ORD-723813,Screen Protector
ORD-951853,Phone Case
ORD-951853,TWS Earbuds
ORD-951853,Smartphone
ORD-217369,Wireless Mouse
ORD-217369,Laptop
ORD-744062,Screen Protector
ORD-744062,Wireless Mouse
ORD-744062,Smartwatch
ORD-749983,Phone Case
ORD-749983,Smartphone
ORD-835733,Wireless Mouse
ORD-835733,Mechanical Keyboard
ORD-835733,Laptop
ORD-917439,Phone Case
ORD-681768,Mechanical Keyboard
ORD-681768,Laptop
ORD-892425,Wireless Mouse
ORD-892425,Smartphone
ORD-152066,Laptop
ORD-116138,Phone Case
ORD-116138,Mechanical Keyboard
ORD-116138,Smartwatch
ORD-537743,TWS Earbuds
ORD-178422,Mechanical Keyboard
ORD-178422,Smartwatch
ORD-129086,Powerbank
ORD-129086,Screen Protector
ORD-129086,Smartphone
ORD-225604,TWS Earbuds
ORD-576785,Powerbank
ORD-103435,Screen Protector
ORD-103435,Smartwatch
ORD-812917,Wireless Mouse
ORD-812917,Mechanical Keyboard
ORD-812917,Laptop
ORD-668178,Mechanical Keyboard
ORD-668178,Laptop
ORD-108314,Wireless Mouse
ORD-108314,Smartwatch
ORD-644653,Phone Case
ORD-644653,Screen Protector
ORD-644653,Smartphone
ORD-440362,Wireless Mouse
ORD-440362,Mechanical Keyboard
ORD-440362,Laptop
ORD-228692,Mechanical Keyboard
ORD-228692,Smartphone
ORD-228692,Powerbank
ORD-490555,Mechanical Keyboard
ORD-490555,Smartwatch
ORD-911028,Phone Case
ORD-911028,Wireless Mouse
ORD-911028,Screen Protector
ORD-707317,Wireless Mouse
ORD-707317,Laptop
ORD-420580,Phone Case
ORD-420580,Screen Protector
ORD-420580,Smartphone
ORD-580674,Wireless Mouse
ORD-580674,Laptop
ORD-283024,Phone Case
ORD-283024,Screen Protector
ORD-283024,Smartphone
ORD-405218,Phone Case
ORD-405218,Screen Protector
ORD-405218,Smartphone
ORD-466047,Phone Case
ORD-466047,Screen Protector
ORD-466047,Smartphone
ORD-727867,Phone Case
ORD-727867,Mechanical Keyboard
ORD-930445,Mechanical Keyboard
ORD-930445,Laptop
ORD-618993,Wireless Mouse
ORD-618993,Laptop
ORD-241002,Phone Case
ORD-241002,TWS Earbuds
ORD-241002,Smartphone
ORD-755915,Wireless Mouse
ORD-755915,Laptop
ORD-994932,Phone Case
ORD-994932,Screen Protector
ORD-994932,Smartphone
ORD-913171,Wireless Mouse
ORD-913171,Laptop
ORD-644475,Phone Case
ORD-644475,Screen Protector
ORD-644475,Smartphone
ORD-615971,Wireless Mouse
ORD-615971,Mechanical Keyboard
ORD-615971,Laptop
ORD-526976,Mechanical Keyboard
ORD-846777,Phone Case
ORD-846777,Screen Protector
ORD-846777,Smartphone
ORD-286278,Phone Case
ORD-286278,Screen Protector
ORD-286278,Smartphone
ORD-831188,Wireless Mouse
ORD-831188,Laptop
ORD-936971,Wireless Mouse
ORD-936971,Laptop
ORD-882046,Phone Case
ORD-882046,Screen Protector
ORD-882046,Smartphone
ORD-767897,Smartwatch
ORD-767897,Screen Protector
ORD-305671,TWS Earbuds
ORD-305671,Powerbank
ORD-305671,Smartwatch
ORD-848294,Mechanical Keyboard
ORD-848294,TWS Earbuds
ORD-848294,Powerbank
ORD-876646,Smartwatch
ORD-299176,Wireless Mouse
ORD-299176,Mechanical Keyboard
ORD-299176,Laptop
ORD-158408,Wireless Mouse
ORD-158408,Mechanical Keyboard
ORD-902194,Phone Case
ORD-902194,Screen Protector
ORD-902194,Smartphone
ORD-337902,Wireless Mouse
ORD-337902,Smartwatch
ORD-337902,Smartphone
ORD-887646,Smartwatch
ORD-887646,Laptop
ORD-949662,Screen Protector
ORD-949662,Mechanical Keyboard
ORD-949662,Smartphone
ORD-487410,Phone Case
ORD-487410,TWS Earbuds
ORD-487410,Screen Protector
ORD-487410,Smartphone
ORD-638065,Wireless Mouse
ORD-638065,Laptop
ORD-409963,Smartwatch
ORD-409963,Screen Protector
ORD-523915,Wireless Mouse
ORD-523915,Laptop
ORD-605180,Phone Case
ORD-605180,Screen Protector
ORD-605180,Smartphone
ORD-574869,Phone Case
ORD-574869,TWS Earbuds
ORD-574869,Screen Protector
ORD-574869,Smartphone
ORD-767538,Phone Case
ORD-767538,TWS Earbuds
ORD-767538,Smartphone
ORD-778387,Screen Protector
ORD-377255,Phone Case
ORD-377255,Smartphone
ORD-429457,Screen Protector
ORD-429457,TWS Earbuds
ORD-429457,Smartphone
ORD-704596,Wireless Mouse
ORD-704596,Smartwatch
ORD-704596,Laptop
ORD-481691,Wireless Mouse
ORD-481691,Mechanical Keyboard
ORD-481691,Laptop
ORD-682933,Mechanical Keyboard
ORD-682933,Laptop
ORD-784266,Phone Case
ORD-784266,Mechanical Keyboard
ORD-784266,Smartphone
ORD-281549,Screen Protector
ORD-468987,Wireless Mouse
ORD-468987,Laptop
ORD-942000,Wireless Mouse
ORD-942000,Mechanical Keyboard
ORD-942000,Laptop
ORD-869032,Phone Case
ORD-869032,Screen Protector
ORD-869032,Smartphone
ORD-164340,Phone Case
ORD-164340,Screen Protector
ORD-164340,Smartphone
ORD-509664,Screen Protector
ORD-509664,Smartphone
ORD-135010,Phone Case
ORD-135010,Screen Protector
ORD-135010,Smartphone
ORD-878928,Mechanical Keyboard
ORD-878928,Smartphone
ORD-634580,Phone Case
ORD-634580,Screen Protector
ORD-634580,Smartphone
ORD-647200,Laptop
ORD-737943,Wireless Mouse
ORD-737943,Laptop
ORD-721747,Powerbank
ORD-332682,Mechanical Keyboard
ORD-332682,Screen Protector
ORD-396412,Screen Protector
ORD-396412,Laptop
ORD-396412,Smartphone
ORD-890073,Smartwatch
ORD-645786,Phone Case
ORD-645786,Smartphone
ORD-600585,Screen Protector
ORD-600585,Powerbank
ORD-600585,Smartphone
ORD-946056,Wireless Mouse
ORD-946056,Laptop
ORD-967619,Wireless Mouse
ORD-967619,Mechanical Keyboard
ORD-967619,Laptop
ORD-715516,Phone Case
ORD-715516,Screen Protector
ORD-715516,Smartphone
ORD-993150,Wireless Mouse
ORD-993150,Laptop
ORD-635827,TWS Earbuds
ORD-894335,Wireless Mouse
ORD-894335,Laptop
ORD-519924,Wireless Mouse
ORD-519924,Laptop
ORD-928804,Phone Case
ORD-928804,TWS Earbuds
ORD-928804,Screen Protector
ORD-928804,Smartphone
ORD-710278,Phone Case
ORD-710278,Smartphone
ORD-334975,Phone Case
ORD-334975,TWS Earbuds
ORD-977676,Powerbank
ORD-977676,Laptop
ORD-889622,Screen Protector
ORD-790778,Wireless Mouse
ORD-790778,Mechanical Keyboard
ORD-790778,Laptop
ORD-711709,Phone Case
ORD-711709,Screen Protector
ORD-711709,Smartphone
ORD-298139,Laptop
ORD-298139,TWS Earbuds
ORD-298139,Screen Protector
ORD-714653,Wireless Mouse
ORD-714653,Laptop
ORD-118807,Phone Case
ORD-118807,Screen Protector
ORD-118807,Smartphone
ORD-352515,Wireless Mouse
ORD-352515,Laptop
ORD-383126,Wireless Mouse
ORD-383126,Laptop
ORD-212223,Phone Case
ORD-212223,TWS Earbuds
ORD-212223,Screen Protector
ORD-212223,Smartphone
ORD-914506,Phone Case
ORD-914506,Screen Protector
ORD-914506,Smartphone
ORD-388997,Laptop
ORD-388997,Screen Protector
ORD-267567,Mechanical Keyboard
ORD-267567,Laptop
ORD-601738,Phone Case
ORD-601738,TWS Earbuds
ORD-601738,Screen Protector
ORD-601738,Smartphone
ORD-919781,Wireless Mouse
ORD-919781,Laptop
ORD-151990,Smartphone
ORD-224693,Phone Case
ORD-224693,TWS Earbuds
ORD-224693,Screen Protector
ORD-224693,Smartphone
ORD-994285,Laptop
ORD-994285,Powerbank
ORD-994285,Screen Protector
ORD-663889,Laptop
ORD-636350,Wireless Mouse
ORD-636350,Laptop
ORD-790091,TWS Earbuds
ORD-790091,Smartwatch
ORD-709269,Laptop
ORD-935544,Wireless Mouse
ORD-935544,Mechanical Keyboard
ORD-935544,Laptop
ORD-494283,Phone Case
ORD-494283,Smartphone
ORD-901619,Wireless Mouse
ORD-901619,Laptop
ORD-816605,Wireless Mouse
ORD-816605,Laptop
ORD-957759,Screen Protector
ORD-907400,Wireless Mouse
ORD-907400,Mechanical Keyboard
ORD-907400,Laptop
ORD-886064,Wireless Mouse
ORD-886064,Mechanical Keyboard
ORD-886064,Laptop
ORD-405745,Wireless Mouse
ORD-405745,Mechanical Keyboard
ORD-405745,Laptop
ORD-613223,Phone Case
ORD-613223,Smartphone
ORD-535711,Wireless Mouse
ORD-535711,Mechanical Keyboard
ORD-535711,Laptop
ORD-840150,Phone Case
ORD-840150,TWS Earbuds
ORD-840150,Smartphone
ORD-948182,Phone Case
ORD-948182,TWS Earbuds
ORD-948182,Screen Protector
ORD-948182,Smartphone
ORD-184294,Phone Case
ORD-184294,TWS Earbuds
ORD-184294,Screen Protector
ORD-184294,Smartphone
ORD-943810,Phone Case
ORD-943810,Screen Protector
ORD-943810,Smartphone
ORD-307500,Phone Case
ORD-401033,Mechanical Keyboard
ORD-401033,Laptop
ORD-401033,Smartphone
ORD-142438,Screen Protector
ORD-142438,TWS Earbuds
ORD-142438,Smartphone
ORD-885372,Phone Case
ORD-885372,TWS Earbuds
ORD-885372,Wireless Mouse
ORD-307374,Wireless Mouse
ORD-307374,Mechanical Keyboard
ORD-307374,Laptop
ORD-354657,Phone Case
ORD-354657,Screen Protector
ORD-354657,Smartphone
ORD-782923,Phone Case
ORD-782923,TWS Earbuds
ORD-782923,Smartphone
ORD-668933,Wireless Mouse
ORD-668933,Powerbank
ORD-668933,Screen Protector
ORD-865893,Phone Case
ORD-865893,Screen Protector
ORD-865893,Smartphone
ORD-836618,Phone Case
ORD-836618,TWS Earbuds
ORD-836618,Screen Protector
ORD-836618,Smartphone
ORD-510949,Screen Protector
ORD-510949,Smartphone
ORD-165480,Phone Case
ORD-165480,Screen Protector
ORD-165480,Smartphone
ORD-934569,Phone Case
ORD-934569,Screen Protector
ORD-934569,Smartphone
ORD-745568,TWS Earbuds
ORD-173704,Phone Case
ORD-173704,Screen Protector
ORD-173704,Smartphone
ORD-685581,Wireless Mouse
ORD-685581,Laptop
ORD-945308,Phone Case
ORD-945308,Screen Protector
ORD-945308,Smartphone
ORD-715429,Phone Case
ORD-715429,Screen Protector
ORD-715429,Smartphone
ORD-525910,Phone Case
ORD-525910,Screen Protector
ORD-525910,Smartphone
ORD-704429,TWS Earbuds
ORD-855027,Screen Protector
ORD-855027,TWS Earbuds
ORD-855027,Smartphone
ORD-147456,Phone Case
ORD-147456,TWS Earbuds
ORD-147456,Screen Protector
ORD-147456,Smartphone
ORD-996977,Wireless Mouse
ORD-996977,Laptop
ORD-426944,Wireless Mouse
ORD-426944,Laptop
ORD-738103,Phone Case
ORD-738103,Screen Protector
ORD-738103,Smartphone
ORD-227602,TWS Earbuds
ORD-227602,Wireless Mouse
ORD-227602,Smartphone
ORD-912002,Powerbank
ORD-405163,Phone Case
ORD-405163,Smartwatch
ORD-648694,Phone Case
ORD-648694,Screen Protector
ORD-648694,Smartphone
ORD-498968,Smartwatch
ORD-901123,Laptop
ORD-771766,Mechanical Keyboard
ORD-771766,Powerbank
ORD-771766,Laptop
ORD-141708,Mechanical Keyboard
ORD-141708,Powerbank
ORD-988407,TWS Earbuds
ORD-988407,Smartphone
ORD-933711,Phone Case
ORD-933711,TWS Earbuds
ORD-933711,Screen Protector
ORD-933711,Smartphone
ORD-338697,Wireless Mouse
ORD-338697,Laptop
ORD-131498,Phone Case
ORD-131498,TWS Earbuds
ORD-131498,Smartphone
ORD-793539,Wireless Mouse
ORD-793539,Laptop
ORD-547628,Smartphone
ORD-592232,Wireless Mouse
ORD-592232,Laptop
ORD-156572,Phone Case
ORD-156572,Mechanical Keyboard
ORD-156572,Smartwatch
ORD-850378,Phone Case
ORD-850378,Screen Protector
ORD-850378,Smartphone
ORD-805591,Smartwatch
ORD-805591,Smartphone
ORD-951726,Phone Case
ORD-951726,Screen Protector
ORD-951726,Laptop
ORD-502993,Phone Case
ORD-502993,Screen Protector
ORD-502993,Smartphone
ORD-371731,Mechanical Keyboard
ORD-371731,Laptop
ORD-610790,Phone Case
ORD-610790,Screen Protector
ORD-610790,Smartphone
ORD-731872,Mechanical Keyboard
ORD-731872,Laptop
ORD-611188,Wireless Mouse
ORD-611188,Mechanical Keyboard
ORD-611188,Laptop
ORD-346549,Phone Case
ORD-346549,Screen Protector
ORD-346549,Smartphone
ORD-636343,Wireless Mouse
ORD-636343,Laptop
ORD-397915,Wireless Mouse
ORD-397915,Laptop
ORD-539756,Powerbank
ORD-539756,Laptop
ORD-539756,Smartwatch
ORD-798093,Phone Case
ORD-798093,Screen Protector
ORD-798093,Smartphone
ORD-271172,Phone Case
ORD-271172,Screen Protector
ORD-271172,Smartphone
ORD-217674,Screen Protector
ORD-217674,Smartphone
ORD-496474,Phone Case
ORD-496474,Mechanical Keyboard
ORD-902207,Wireless Mouse
ORD-902207,Mechanical Keyboard
ORD-902207,Laptop
ORD-362199,Wireless Mouse
ORD-362199,Mechanical Keyboard
ORD-362199,Laptop
ORD-256390,Phone Case
ORD-256390,Screen Protector
ORD-256390,Smartphone
ORD-242728,Screen Protector
ORD-242728,TWS Earbuds
ORD-242728,Laptop
ORD-423923,Wireless Mouse
ORD-423923,Mechanical Keyboard
ORD-423923,Laptop
ORD-752168,Phone Case
ORD-752168,Screen Protector
ORD-752168,Smartphone
ORD-643910,Phone Case
ORD-643910,Screen Protector
ORD-643910,Smartphone
ORD-512111,Phone Case
ORD-512111,Screen Protector
ORD-512111,Smartphone
ORD-650901,Phone Case
ORD-650901,TWS Earbuds
ORD-650901,Screen Protector
ORD-650901,Smartphone
ORD-951271,Screen Protector
ORD-951271,TWS Earbuds
ORD-951271,Smartphone
ORD-958811,Phone Case
ORD-958811,Screen Protector
ORD-958811,Smartphone
ORD-511267,Laptop
ORD-476826,Phone Case
ORD-476826,Screen Protector
ORD-476826,Smartphone
ORD-871272,Mechanical Keyboard
ORD-871272,Laptop
ORD-933510,Smartphone
ORD-265486,Phone Case
ORD-265486,Screen Protector
ORD-265486,Smartphone
ORD-870488,Smartwatch
ORD-870488,Laptop
ORD-870488,Smartphone
ORD-236262,Phone Case
ORD-236262,Screen Protector
ORD-236262,Smartphone
ORD-283258,Mechanical Keyboard
ORD-959004,Phone Case
ORD-959004,Screen Protector
ORD-959004,Smartphone
ORD-574081,Phone Case
ORD-574081,Screen Protector
ORD-574081,Smartphone
ORD-684436,Phone Case
ORD-684436,Screen Protector
ORD-684436,Smartphone
ORD-666819,TWS Earbuds
ORD-666819,Powerbank
ORD-717423,Phone Case
ORD-717423,Screen Protector
ORD-717423,Smartphone
ORD-658180,Phone Case
ORD-658180,Laptop
ORD-516512,Phone Case
ORD-516512,Screen Protector
ORD-516512,Smartphone
ORD-975584,Powerbank
ORD-646707,Powerbank
ORD-374541,Wireless Mouse
ORD-374541,Mechanical Keyboard
ORD-374541,Laptop
ORD-277216,Phone Case
ORD-277216,Screen Protector
ORD-277216,Smartphone
ORD-897406,Phone Case
ORD-897406,Screen Protector
ORD-897406,Smartphone
ORD-719114,Phone Case
ORD-749001,Phone Case
ORD-749001,Smartphone
ORD-724762,Smartwatch
ORD-737384,Mechanical Keyboard
ORD-397668,Wireless Mouse
ORD-397668,Laptop
ORD-676531,Laptop
ORD-969241,Phone Case
ORD-969241,Smartphone
ORD-100801,Phone Case
ORD-100801,TWS Earbuds
ORD-100801,Screen Protector
ORD-100801,Smartphone
ORD-934397,Laptop
ORD-934397,Smartwatch
ORD-191679,Wireless Mouse
ORD-191679,Mechanical Keyboard
ORD-191679,Laptop
ORD-657639,Mechanical Keyboard
ORD-657639,Laptop
ORD-376999,Laptop
ORD-884366,Wireless Mouse
ORD-884366,Laptop
ORD-119731,Wireless Mouse
ORD-119731,Laptop
ORD-306749,Phone Case
ORD-306749,TWS Earbuds
ORD-306749,Screen Protector
ORD-306749,Smartphone
ORD-894044,Phone Case
ORD-894044,Screen Protector
ORD-894044,Smartphone
ORD-584710,Phone Case
ORD-584710,Screen Protector
ORD-584710,Smartphone
ORD-581756,Phone Case
ORD-581756,Screen Protector
ORD-581756,Smartphone
ORD-664376,Powerbank
ORD-664376,Laptop
ORD-655673,Phone Case
ORD-655673,Screen Protector
ORD-655673,Smartwatch
ORD-255049,Wireless Mouse
ORD-255049,Mechanical Keyboard
ORD-255049,Laptop
ORD-109921,Phone Case
ORD-109921,Screen Protector
ORD-109921,Smartphone
ORD-650996,Phone Case
ORD-650996,Screen Protector
ORD-650996,Smartphone
ORD-152335,Wireless Mouse
ORD-152335,Laptop
ORD-417817,Wireless Mouse
ORD-417817,Laptop
ORD-765442,Phone Case
ORD-765442,Screen Protector
ORD-765442,Smartphone
ORD-464069,Wireless Mouse
ORD-464069,Mechanical Keyboard
ORD-464069,Laptop
ORD-894280,Phone Case
ORD-894280,Screen Protector
ORD-894280,Smartphone
ORD-416689,Laptop
ORD-266305,Screen Protector
ORD-266305,Laptop
ORD-502641,Phone Case
ORD-502641,Screen Protector
ORD-502641,Smartphone
ORD-954727,Wireless Mouse
ORD-954727,Mechanical Keyboard
ORD-954727,Laptop
ORD-353890,Laptop
ORD-353890,Mechanical Keyboard
ORD-353890,Smartwatch
ORD-195696,Smartwatch
ORD-195696,Smartphone
ORD-575083,Phone Case
ORD-575083,TWS Earbuds
ORD-575083,Screen Protector
ORD-575083,Smartphone
ORD-979725,Screen Protector
ORD-979725,Smartphone
ORD-938315,TWS Earbuds
ORD-938315,Wireless Mouse
ORD-938315,Smartwatch
ORD-634255,Wireless Mouse
ORD-634255,Mechanical Keyboard
ORD-634255,Laptop
ORD-829523,Powerbank
ORD-843804,Wireless Mouse
ORD-352313,Phone Case
ORD-352313,TWS Earbuds
ORD-352313,Screen Protector
ORD-352313,Smartphone
ORD-496562,Wireless Mouse
ORD-496562,Laptop
ORD-414444,Wireless Mouse
ORD-959705,Phone Case
ORD-959705,Screen Protector
ORD-959705,Smartphone
ORD-790527,Phone Case
ORD-790527,Screen Protector
ORD-790527,Smartphone
ORD-833946,Phone Case
ORD-833946,Smartphone
ORD-209264,TWS Earbuds
ORD-209264,Wireless Mouse
ORD-634140,Wireless Mouse
ORD-634140,Mechanical Keyboard
ORD-634140,Laptop
ORD-526941,Wireless Mouse
ORD-526941,Mechanical Keyboard
ORD-526941,Laptop
ORD-486354,Screen Protector
ORD-187566,Wireless Mouse
ORD-187566,Mechanical Keyboard
ORD-187566,Laptop
ORD-208237,Wireless Mouse
ORD-208237,Laptop
ORD-586598,Wireless Mouse
ORD-586598,Mechanical Keyboard
ORD-586598,Laptop
ORD-633037,Phone Case
ORD-633037,Smartwatch
ORD-248395,Wireless Mouse
ORD-248395,Mechanical Keyboard
ORD-248395,Laptop
ORD-688510,Mechanical Keyboard
ORD-802290,Wireless Mouse
ORD-802290,Mechanical Keyboard
ORD-802290,Laptop
ORD-753080,Wireless Mouse
ORD-753080,Mechanical Keyboard
ORD-753080,Laptop
ORD-119510,Wireless Mouse
ORD-119510,Laptop
ORD-639251,Phone Case
ORD-639251,Smartphone
ORD-275885,Phone Case
ORD-275885,Screen Protector
ORD-275885,Smartphone
ORD-927401,Wireless Mouse
ORD-927401,Laptop
ORD-754282,Phone Case
ORD-754282,Screen Protector
ORD-754282,Smartphone
ORD-792494,Phone Case
ORD-792494,Screen Protector
ORD-792494,Smartphone
ORD-967190,Phone Case
ORD-967190,Powerbank
ORD-967190,Laptop
ORD-169672,Wireless Mouse
ORD-169672,Laptop
ORD-594209,TWS Earbuds
ORD-594209,Smartwatch
ORD-364954,Phone Case
ORD-364954,TWS Earbuds
ORD-364954,Mechanical Keyboard
ORD-697823,Screen Protector
ORD-697823,Smartphone
ORD-881704,Phone Case
ORD-881704,TWS Earbuds
ORD-881704,Screen Protector
ORD-881704,Smartphone
ORD-920845,Phone Case
ORD-920845,Screen Protector
ORD-920845,Smartphone
ORD-625667,TWS Earbuds
ORD-625667,Smartphone
ORD-877867,Wireless Mouse
ORD-877867,Laptop
ORD-505732,Wireless Mouse
ORD-505732,Laptop
ORD-255915,Smartphone
ORD-232797,Phone Case
ORD-232797,Screen Protector
ORD-232797,Smartphone
ORD-225555,Smartphone
ORD-457188,Phone Case
ORD-457188,Smartphone
ORD-840957,Phone Case
ORD-840957,Screen Protector
ORD-840957,Smartphone
ORD-116365,Wireless Mouse
ORD-116365,Laptop
ORD-332366,Phone Case
ORD-332366,Screen Protector
ORD-332366,Smartphone
ORD-832558,Wireless Mouse
ORD-832558,Laptop
ORD-554529,TWS Earbuds
ORD-554529,Wireless Mouse
ORD-364546,Phone Case
ORD-364546,Wireless Mouse
ORD-375419,Laptop
ORD-165908,TWS Earbuds
ORD-165908,Laptop
ORD-186590,Wireless Mouse
ORD-186590,Laptop
ORD-462355,Phone Case
ORD-462355,Screen Protector
ORD-462355,Smartphone
ORD-330395,Wireless Mouse
ORD-897271,Wireless Mouse
ORD-897271,Laptop
ORD-278901,Phone Case
ORD-278901,TWS Earbuds
ORD-278901,Laptop
ORD-533448,Phone Case
ORD-533448,Smartphone
ORD-649939,Laptop
ORD-626077,Phone Case
ORD-626077,Screen Protector
ORD-626077,Smartphone
ORD-668423,Screen Protector
ORD-668423,TWS Earbuds
ORD-668423,Smartphone
ORD-514750,Phone Case
ORD-514750,Screen Protector
ORD-514750,Smartphone
ORD-263944,TWS Earbuds
ORD-263944,Screen Protector
ORD-581947,Wireless Mouse
ORD-581947,Mechanical Keyboard
ORD-581947,Laptop
ORD-825290,Wireless Mouse
ORD-825290,Laptop
ORD-220627,Mechanical Keyboard
ORD-915977,Phone Case
ORD-915977,Screen Protector
ORD-915977,Smartphone
ORD-531915,Phone Case
ORD-531915,Screen Protector
ORD-531915,Smartphone
ORD-363389,Wireless Mouse
ORD-363389,Laptop
ORD-332298,Screen Protector
ORD-332298,Smartphone
ORD-795109,Wireless Mouse
ORD-795109,Laptop
ORD-158601,Wireless Mouse
ORD-158601,Laptop
ORD-886796,Wireless Mouse
ORD-946626,Phone Case
ORD-946626,TWS Earbuds
ORD-946626,Screen Protector
ORD-946626,Smartphone
ORD-874008,Phone Case
ORD-874008,Screen Protector
ORD-874008,Smartphone
ORD-751127,Laptop
ORD-751127,TWS Earbuds
ORD-751127,Smartphone
ORD-287167,Wireless Mouse
ORD-287167,Laptop
ORD-104507,Phone Case
ORD-460565,Wireless Mouse
ORD-157450,Wireless Mouse
ORD-157450,Mechanical Keyboard
ORD-157450,Laptop
ORD-778756,Wireless Mouse
ORD-778756,Laptop
ORD-335132,Mechanical Keyboard
ORD-335132,Laptop
ORD-891624,Wireless Mouse
ORD-891624,Powerbank
ORD-891624,Screen Protector
ORD-652631,Mechanical Keyboard
ORD-658669,Mechanical Keyboard
ORD-658669,Powerbank
ORD-584427,Wireless Mouse
ORD-584427,Laptop
ORD-624436,Wireless Mouse
ORD-624436,Mechanical Keyboard
ORD-624436,Laptop
ORD-697202,Wireless Mouse
ORD-697202,Mechanical Keyboard
ORD-292593,Wireless Mouse
ORD-292593,Mechanical Keyboard
ORD-292593,Laptop
ORD-335068,Wireless Mouse
ORD-335068,Mechanical Keyboard
ORD-335068,Laptop
ORD-727395,Screen Protector
ORD-111009,Wireless Mouse
ORD-111009,Laptop
ORD-168122,Phone Case
ORD-168122,TWS Earbuds
ORD-168122,Screen Protector
ORD-168122,Smartphone
ORD-705058,Phone Case
ORD-705058,TWS Earbuds
ORD-705058,Screen Protector
ORD-705058,Smartphone
ORD-934212,Wireless Mouse
ORD-404647,Laptop
ORD-404647,Wireless Mouse
ORD-404647,Smartwatch
ORD-180857,Wireless Mouse
ORD-180857,Laptop
ORD-359405,TWS Earbuds
ORD-359405,Smartwatch
ORD-711526,Phone Case
ORD-711526,Smartphone
ORD-818515,Wireless Mouse
ORD-818515,Mechanical Keyboard
ORD-818515,Powerbank
ORD-490166,Wireless Mouse
ORD-490166,Mechanical Keyboard
ORD-490166,Laptop
ORD-415594,Phone Case
ORD-415594,Smartphone
ORD-231832,Phone Case
ORD-231832,TWS Earbuds
ORD-231832,Screen Protector
ORD-231832,Smartphone
ORD-993964,TWS Earbuds
ORD-993964,Smartwatch
ORD-943353,Wireless Mouse
ORD-116105,Wireless Mouse
ORD-116105,Mechanical Keyboard
ORD-116105,Laptop
ORD-146940,Phone Case
ORD-146940,Screen Protector
ORD-146940,Smartphone
ORD-859112,Phone Case
ORD-859112,Smartwatch
ORD-851259,Screen Protector
ORD-851259,TWS Earbuds
ORD-851259,Smartwatch
ORD-506529,Phone Case
ORD-506529,Screen Protector
ORD-506529,Smartphone
ORD-936209,Wireless Mouse
ORD-936209,Laptop
ORD-899717,Powerbank
ORD-361401,Wireless Mouse
ORD-361401,Mechanical Keyboard
ORD-361401,Laptop
ORD-737233,Phone Case
ORD-737233,TWS Earbuds
ORD-737233,Screen Protector
ORD-737233,Smartphone
ORD-494813,Wireless Mouse
ORD-494813,Laptop
ORD-718636,TWS Earbuds
ORD-718636,Smartphone
ORD-776044,Phone Case
ORD-776044,Smartphone
ORD-458062,Wireless Mouse
ORD-458062,Laptop
ORD-958099,Phone Case
ORD-958099,Mechanical Keyboard
ORD-858201,Wireless Mouse
ORD-858201,Mechanical Keyboard
ORD-858201,Laptop
ORD-952681,Laptop
ORD-853036,Wireless Mouse
ORD-853036,Laptop
ORD-403564,Phone Case
ORD-403564,Screen Protector
ORD-403564,Smartphone
ORD-753668,Screen Protector
ORD-803645,Screen Protector
ORD-868576,Phone Case
ORD-868576,TWS Earbuds
ORD-868576,Screen Protector
ORD-868576,Smartphone
ORD-952224,Phone Case
ORD-952224,Screen Protector
ORD-952224,Smartphone
ORD-800731,Wireless Mouse
ORD-800731,Laptop
ORD-792657,TWS Earbuds
ORD-961549,Wireless Mouse
ORD-961549,Mechanical Keyboard
ORD-961549,Laptop
ORD-244938,Phone Case
ORD-244938,TWS Earbuds
ORD-244938,Smartphone
ORD-953161,Phone Case
ORD-953161,Screen Protector
ORD-953161,Smartphone
ORD-350703,Laptop
ORD-217907,TWS Earbuds
ORD-217907,Screen Protector
ORD-217907,Smartphone
ORD-688879,Wireless Mouse
ORD-688879,Mechanical Keyboard
ORD-688879,Laptop
ORD-744821,Laptop
ORD-849362,Phone Case
ORD-849362,Screen Protector
ORD-849362,Smartphone
ORD-999145,Mechanical Keyboard
ORD-999145,Laptop
ORD-769727,Phone Case
ORD-769727,Smartphone
ORD-508916,Phone Case
ORD-508916,Smartphone
ORD-886166,Wireless Mouse
ORD-886166,Mechanical Keyboard
ORD-886166,Laptop
ORD-167381,Phone Case
ORD-167381,Screen Protector
ORD-167381,Smartphone
ORD-202416,TWS Earbuds
ORD-202416,Wireless Mouse
ORD-202416,Powerbank
ORD-527562,Phone Case
ORD-527562,Smartphone
ORD-131533,Laptop
ORD-131533,TWS Earbuds
ORD-131533,Smartphone
ORD-382488,TWS Earbuds
ORD-382488,Smartphone
ORD-345840,Mechanical Keyboard
ORD-345840,Laptop
ORD-543035,Phone Case
ORD-543035,Screen Protector
ORD-543035,Smartphone
ORD-789317,Phone Case
ORD-789317,Screen Protector
ORD-789317,Smartphone
ORD-223791,Phone Case
ORD-223791,Screen Protector
ORD-223791,Smartphone
ORD-615689,Laptop
ORD-615689,Smartphone
ORD-830281,Wireless Mouse
ORD-830281,Smartphone
ORD-948883,Phone Case
ORD-948883,Smartphone
ORD-583157,Phone Case
ORD-583157,Smartphone
ORD-266129,Wireless Mouse
ORD-266129,Laptop
ORD-153024,Laptop
ORD-153024,Powerbank
ORD-153024,Smartwatch
ORD-618534,Wireless Mouse
ORD-618534,Laptop
ORD-375119,Laptop
ORD-781908,Wireless Mouse
ORD-781908,Laptop
ORD-794096,TWS Earbuds
ORD-794096,Wireless Mouse
ORD-794096,Laptop
ORD-896266,TWS Earbuds
ORD-896266,Smartwatch
ORD-297173,Phone Case
ORD-297173,Screen Protector
ORD-297173,Smartphone
ORD-863043,Wireless Mouse
ORD-863043,Laptop
ORD-865110,Wireless Mouse
ORD-865110,Laptop
ORD-192416,Phone Case
ORD-192416,Screen Protector
ORD-192416,Smartphone
ORD-250594,Phone Case
ORD-250594,TWS Earbuds
ORD-250594,Screen Protector
ORD-250594,Smartphone
ORD-135790,Phone Case
ORD-135790,Smartphone
ORD-535892,Phone Case
ORD-535892,Screen Protector
ORD-535892,Smartphone
ORD-516363,Smartphone
ORD-787790,Powerbank
ORD-787790,Laptop
ORD-708546,Wireless Mouse
ORD-708546,Laptop
ORD-926434,Phone Case
ORD-926434,TWS Earbuds
ORD-926434,Screen Protector
ORD-926434,Smartphone
ORD-961148,Phone Case
ORD-961148,Smartphone
ORD-925329,Wireless Mouse
ORD-925329,Laptop
ORD-362037,Laptop
ORD-322036,Phone Case
ORD-322036,Wireless Mouse
ORD-322036,Screen Protector
ORD-243572,Phone Case
ORD-243572,Screen Protector
ORD-243572,Smartphone
ORD-104695,Wireless Mouse
ORD-104695,Laptop
ORD-638606,Mechanical Keyboard
ORD-808032,Laptop
ORD-808032,Smartwatch
ORD-808032,Smartphone
ORD-613904,Phone Case
ORD-613904,TWS Earbuds
ORD-613904,Screen Protector
ORD-613904,Smartphone
ORD-391813,Screen Protector
ORD-391813,Smartphone
ORD-767296,Phone Case
ORD-767296,Screen Protector
ORD-767296,Smartphone
ORD-312079,Phone Case
ORD-312079,Screen Protector
ORD-312079,Smartphone
ORD-223351,Wireless Mouse
ORD-223351,Mechanical Keyboard
ORD-223351,Laptop
ORD-628058,Wireless Mouse
ORD-628058,Laptop
ORD-120946,Mechanical Keyboard
ORD-120946,Laptop
ORD-453247,Smartphone
ORD-771810,Phone Case
ORD-771810,TWS Earbuds
ORD-771810,Screen Protector
ORD-771810,Smartphone
ORD-863580,Phone Case
ORD-863580,Smartphone
ORD-226865,Phone Case
ORD-226865,Laptop
ORD-323687,Screen Protector
ORD-323687,Smartphone
ORD-447076,Wireless Mouse
ORD-447076,Screen Protector
ORD-373280,Phone Case
ORD-373280,Screen Protector
ORD-373280,Smartphone
ORD-909471,Screen Protector
ORD-909471,Smartphone
ORD-116911,Wireless Mouse
ORD-116911,Laptop
ORD-221937,Phone Case
ORD-221937,TWS Earbuds
ORD-221937,Screen Protector
ORD-221937,Smartphone
ORD-399840,Wireless Mouse
ORD-399840,Laptop
ORD-933160,Wireless Mouse
ORD-933160,Laptop
ORD-569837,Wireless Mouse
ORD-569837,Mechanical Keyboard
ORD-569837,Laptop
ORD-539948,Phone Case
ORD-539948,Screen Protector
ORD-539948,Smartphone
ORD-662834,Wireless Mouse
ORD-662834,Laptop
ORD-621727,Phone Case
ORD-621727,TWS Earbuds
ORD-621727,Screen Protector
ORD-621727,Smartphone
ORD-646312,Phone Case
ORD-646312,Screen Protector
ORD-646312,Smartphone
ORD-971913,Phone Case
ORD-971913,Smartphone
ORD-721029,Phone Case
ORD-721029,TWS Earbuds
ORD-721029,Smartphone
ORD-843249,Wireless Mouse
ORD-843249,Laptop
ORD-862832,Wireless Mouse
ORD-862832,Mechanical Keyboard
ORD-862832,Laptop
ORD-684172,Smartwatch
ORD-344697,Phone Case
ORD-344697,Screen Protector
ORD-344697,Smartphone
ORD-775616,Wireless Mouse
ORD-775616,Laptop
ORD-141340,Phone Case
ORD-141340,Powerbank
ORD-141340,Laptop
ORD-464709,Wireless Mouse
ORD-109399,Mechanical Keyboard
ORD-109399,Laptop
ORD-709981,Wireless Mouse
ORD-709981,Laptop
ORD-389194,Powerbank
ORD-737423,Powerbank
ORD-662453,Laptop
ORD-636364,Phone Case
ORD-636364,Screen Protector
ORD-636364,Smartphone
ORD-169835,Wireless Mouse
ORD-169835,Mechanical Keyboard
ORD-169835,Laptop
ORD-419055,Wireless Mouse
ORD-419055,Laptop
ORD-674901,Wireless Mouse
ORD-674901,Mechanical Keyboard
ORD-674901,Laptop
ORD-666966,Phone Case
ORD-666966,TWS Earbuds
ORD-666966,Screen Protector
ORD-666966,Smartphone
ORD-739665,Laptop
ORD-739665,Smartwatch
ORD-784815,Phone Case
ORD-784815,TWS Earbuds
ORD-784815,Screen Protector
ORD-784815,Smartphone
ORD-205509,Phone Case
ORD-205509,TWS Earbuds
ORD-205509,Smartwatch
ORD-360440,Phone Case
ORD-360440,Screen Protector
ORD-360440,Smartphone
ORD-598204,Wireless Mouse
ORD-598204,Laptop
ORD-614743,Phone Case
ORD-614743,Screen Protector
ORD-614743,Smartphone
ORD-709493,Screen Protector
ORD-709493,Smartphone
ORD-547185,Wireless Mouse
ORD-547185,Laptop
ORD-873292,Laptop
ORD-725686,Phone Case
ORD-725686,TWS Earbuds
ORD-725686,Screen Protector
ORD-725686,Smartphone
ORD-253329,Mechanical Keyboard
ORD-253329,Smartphone
ORD-832943,Phone Case
ORD-832943,TWS Earbuds
ORD-832943,Screen Protector
ORD-832943,Smartphone
ORD-866719,Phone Case
ORD-866719,Screen Protector
ORD-866719,Smartphone
ORD-147361,Phone Case
ORD-147361,Screen Protector
ORD-147361,Smartphone
ORD-364012,Laptop
ORD-697456,Powerbank
ORD-235174,Phone Case
ORD-235174,Screen Protector
ORD-235174,Smartphone
ORD-296164,Phone Case
ORD-296164,TWS Earbuds
ORD-296164,Laptop
ORD-866164,Phone Case
ORD-866164,Screen Protector
ORD-866164,Smartphone
ORD-316351,Wireless Mouse
ORD-316351,Laptop
ORD-760899,Phone Case
ORD-760899,TWS Earbuds
ORD-760899,Screen Protector
ORD-760899,Smartphone
ORD-461732,Wireless Mouse
ORD-461732,Laptop
ORD-283011,Phone Case
ORD-283011,Screen Protector
ORD-283011,Smartphone
ORD-107399,Phone Case
ORD-107399,Mechanical Keyboard
ORD-107399,Smartphone
ORD-198662,TWS Earbuds
ORD-473221,Wireless Mouse
ORD-473221,Laptop
ORD-726946,Phone Case
ORD-726946,Screen Protector
ORD-726946,Smartphone
ORD-679552,Phone Case
ORD-679552,Screen Protector
ORD-679552,Smartphone
ORD-104576,Phone Case
ORD-104576,TWS Earbuds
ORD-104576,Screen Protector
ORD-104576,Smartphone
ORD-379309,Phone Case
ORD-379309,Screen Protector
ORD-379309,Smartphone
ORD-863445,Wireless Mouse
ORD-863445,Powerbank
ORD-863445,Screen Protector
ORD-223980,Wireless Mouse
ORD-223980,Mechanical Keyboard
ORD-223980,Laptop
ORD-435689,Wireless Mouse
ORD-435689,Laptop
ORD-308150,Phone Case
ORD-910201,TWS Earbuds
ORD-910201,Wireless Mouse
ORD-543697,Wireless Mouse
ORD-543697,Mechanical Keyboard
ORD-543697,Laptop
ORD-173631,Smartwatch
ORD-527557,Wireless Mouse
ORD-527557,Mechanical Keyboard
ORD-527557,Laptop
ORD-168304,Powerbank
ORD-168304,Screen Protector
ORD-168304,Smartwatch
ORD-745226,Phone Case
ORD-745226,Wireless Mouse
ORD-745226,Screen Protector
ORD-450041,Laptop
ORD-382068,Mechanical Keyboard
ORD-382068,Laptop
ORD-466349,Wireless Mouse
ORD-466349,Mechanical Keyboard
ORD-466349,Laptop
ORD-917585,Phone Case
ORD-917585,TWS Earbuds
ORD-917585,Screen Protector
ORD-917585,Smartphone
ORD-240073,Phone Case
ORD-240073,Smartphone
ORD-781214,Phone Case
ORD-781214,TWS Earbuds
ORD-781214,Screen Protector
ORD-781214,Smartphone
ORD-409717,Wireless Mouse
ORD-409717,Mechanical Keyboard
ORD-409717,Laptop
ORD-428206,Phone Case
ORD-428206,Screen Protector
ORD-428206,Smartphone
ORD-911536,Phone Case
ORD-911536,Screen Protector
ORD-911536,Smartphone
ORD-799832,Wireless Mouse
ORD-799832,Laptop
ORD-805344,Phone Case
ORD-805344,TWS Earbuds
ORD-805344,Screen Protector
ORD-805344,Smartphone
ORD-908036,Phone Case
ORD-908036,Screen Protector
ORD-908036,Smartphone
ORD-450882,Phone Case
ORD-450882,Smartphone
ORD-331704,Phone Case
ORD-331704,Screen Protector
ORD-331704,Smartphone
ORD-970061,TWS Earbuds
ORD-970061,Laptop
ORD-970061,Smartwatch
ORD-681933,Phone Case
ORD-681933,TWS Earbuds
ORD-681933,Smartwatch
ORD-624154,Wireless Mouse
ORD-624154,Mechanical Keyboard
ORD-624154,Laptop
ORD-452699,TWS Earbuds
ORD-811451,Phone Case
ORD-811451,TWS Earbuds
ORD-811451,Screen Protector
ORD-811451,Smartphone
ORD-336502,Wireless Mouse
ORD-336502,Mechanical Keyboard
ORD-336502,Laptop
ORD-148068,Wireless Mouse
ORD-148068,Mechanical Keyboard
ORD-148068,Laptop
ORD-351227,Phone Case
ORD-351227,Screen Protector
ORD-351227,Smartphone
ORD-999993,Wireless Mouse
ORD-999993,Mechanical Keyboard
ORD-999993,Laptop
ORD-227192,Phone Case
ORD-227192,Screen Protector
ORD-227192,Smartphone
ORD-425499,Phone Case
ORD-768778,Wireless Mouse
ORD-768778,Mechanical Keyboard
ORD-768778,Laptop
ORD-286256,Phone Case
ORD-286256,Smartwatch
ORD-118402,Wireless Mouse
ORD-118402,Mechanical Keyboard
ORD-118402,Laptop
ORD-497099,Wireless Mouse
ORD-497099,Laptop
ORD-697726,Phone Case
ORD-697726,Screen Protector
ORD-697726,Smartphone
ORD-505504,Wireless Mouse
ORD-505504,Laptop
ORD-479989,Smartphone
ORD-169224,Wireless Mouse
ORD-169224,Laptop
ORD-752842,Wireless Mouse
ORD-752842,Mechanical Keyboard
ORD-752842,Laptop
ORD-959391,Wireless Mouse
ORD-959391,Mechanical Keyboard
ORD-959391,Laptop
ORD-594735,Powerbank
ORD-594735,Laptop
ORD-131017,Laptop
ORD-919433,Phone Case
ORD-919433,Screen Protector
ORD-919433,Smartphone
ORD-404359,Powerbank
ORD-575881,Phone Case
ORD-575881,Screen Protector
ORD-575881,Smartphone
ORD-417803,Phone Case
ORD-417803,Screen Protector
ORD-417803,Smartphone
ORD-730216,Wireless Mouse
ORD-730216,Mechanical Keyboard
ORD-730216,Laptop
ORD-514983,Phone Case
ORD-514983,Powerbank
ORD-791495,Laptop
ORD-791495,Wireless Mouse
ORD-791495,Smartphone
ORD-621921,Wireless Mouse
ORD-385916,Phone Case
ORD-385916,Laptop
ORD-978584,Wireless Mouse
ORD-978584,Laptop
ORD-365232,Laptop
ORD-172908,Mechanical Keyboard
ORD-172908,Wireless Mouse
ORD-172908,Powerbank
ORD-713521,Wireless Mouse
ORD-713521,Laptop
ORD-137743,Screen Protector
ORD-653718,Wireless Mouse
ORD-653718,Laptop
ORD-680085,Laptop
ORD-114716,Wireless Mouse
ORD-114716,Smartwatch
ORD-114716,Screen Protector
ORD-792019,Wireless Mouse
ORD-792019,Laptop
ORD-491776,Wireless Mouse
ORD-491776,Mechanical Keyboard
ORD-429782,Wireless Mouse
ORD-429782,Mechanical Keyboard
ORD-429782,Laptop
ORD-655134,Smartwatch
ORD-844027,Phone Case
ORD-844027,TWS Earbuds
ORD-844027,Smartphone
ORD-398021,TWS Earbuds
ORD-398021,Powerbank
ORD-398021,Laptop
ORD-461998,Phone Case
ORD-461998,TWS Earbuds
ORD-461998,Smartwatch
ORD-835062,Phone Case
ORD-835062,TWS Earbuds
ORD-835062,Screen Protector
ORD-835062,Smartphone
ORD-778283,Phone Case
ORD-778283,Screen Protector
ORD-778283,Smartphone
ORD-472598,TWS Earbuds
ORD-472598,Wireless Mouse
ORD-822979,Laptop
ORD-475665,Powerbank
ORD-364814,Smartphone
ORD-649883,Screen Protector
ORD-649883,Smartphone
ORD-264512,Wireless Mouse
ORD-264512,Powerbank
ORD-360300,Phone Case
ORD-360300,Wireless Mouse
ORD-360300,Screen Protector
ORD-200591,Phone Case
ORD-200591,Screen Protector
ORD-200591,Smartphone
ORD-469552,Wireless Mouse
ORD-469552,Laptop
ORD-220118,Phone Case
ORD-220118,TWS Earbuds
ORD-220118,Screen Protector
ORD-220118,Smartphone
ORD-216481,Powerbank
ORD-629049,Screen Protector
ORD-629049,Powerbank
ORD-629049,Smartwatch
ORD-116375,Mechanical Keyboard
ORD-116375,Smartwatch
ORD-116375,Smartphone
ORD-782433,Wireless Mouse
ORD-782433,Laptop
ORD-804989,Phone Case
ORD-804989,TWS Earbuds
ORD-804989,Wireless Mouse
ORD-632669,Wireless Mouse
ORD-632669,Laptop
ORD-162999,Mechanical Keyboard
ORD-519627,TWS Earbuds
ORD-205682,Screen Protector
ORD-205682,Smartphone
ORD-882260,Wireless Mouse
ORD-882260,Laptop
ORD-370086,Laptop
ORD-159980,Phone Case
ORD-159980,Screen Protector
ORD-159980,Smartphone
ORD-720670,Wireless Mouse
ORD-720670,Mechanical Keyboard
ORD-938099,Phone Case
ORD-938099,Screen Protector
ORD-938099,Smartphone
ORD-384732,Wireless Mouse
ORD-384732,Mechanical Keyboard
ORD-384732,Laptop
ORD-524861,Wireless Mouse
ORD-524861,Laptop
ORD-275793,Wireless Mouse
ORD-275793,Mechanical Keyboard
ORD-275793,Laptop
ORD-764406,Phone Case
ORD-764406,Screen Protector
ORD-764406,Smartphone
ORD-654634,Phone Case
ORD-654634,Screen Protector
ORD-654634,Smartphone
ORD-923219,Phone Case
ORD-923219,Smartphone
ORD-114925,Screen Protector
ORD-114925,Smartphone
ORD-200854,Phone Case
ORD-200854,Screen Protector
ORD-200854,Smartphone
ORD-284811,Wireless Mouse
ORD-284811,Laptop
ORD-293481,Phone Case
ORD-293481,Screen Protector
ORD-293481,Smartphone
ORD-848371,Phone Case
ORD-848371,Screen Protector
ORD-848371,Smartphone
ORD-390667,Phone Case
ORD-390667,Screen Protector
ORD-390667,Smartphone
ORD-731256,Wireless Mouse
ORD-731256,Mechanical Keyboard
ORD-731256,Laptop
ORD-493709,Wireless Mouse
ORD-139767,Phone Case
ORD-139767,Smartphone
ORD-244905,TWS Earbuds
ORD-244905,Smartwatch
ORD-751712,Screen Protector
ORD-751712,TWS Earbuds
ORD-751712,Laptop
ORD-352411,Mechanical Keyboard
ORD-352411,Laptop
ORD-441447,Phone Case
ORD-441447,Screen Protector
ORD-441447,Smartphone
ORD-592280,Wireless Mouse
ORD-592280,Powerbank
ORD-408792,Mechanical Keyboard
ORD-538092,TWS Earbuds
ORD-538092,Mechanical Keyboard
ORD-538092,Powerbank
ORD-677621,Phone Case
ORD-677621,Smartphone
ORD-398307,Mechanical Keyboard
ORD-398307,Screen Protector
ORD-398307,Powerbank
ORD-351831,Wireless Mouse
ORD-351831,Mechanical Keyboard
ORD-351831,Laptop
